"Date","Price","Open","High","Low","Vol.","Change %"
"Jun 01, 2022","82,754.14","82,833.93","82,848.85","81,980.54","-","-0.13%"
"May 31, 2022","82,865.39","82,554.77","83,170.76","82,341.83","-","0.68%"
"May 30, 2022","82,307.80","83,562.71","83,761.02","82,133.72","-","-1.21%"
"May 27, 2022","83,319.65","84,019.18","84,023.66","83,213.96","-","-0.94%"
"May 26, 2022","84,114.20","85,297.04","85,458.02","84,012.28","-","-1.32%"
"May 25, 2022","85,235.56","85,124.63","85,817.75","84,957.79","-","-0.04%"
"May 24, 2022","85,265.44","84,010.44","85,304.18","84,010.44","-","1.10%"
"May 23, 2022","84,333.69","84,120.66","84,820.23","84,120.66","-","0.65%"
"May 20, 2022","83,786.28","83,644.06","83,919.71","82,938.33","-","0.55%"
"May 19, 2022","83,327.36","82,334.13","83,721.33","82,023.41","-","1.20%"
"May 18, 2022","82,339.83","83,386.67","83,531.91","82,179.04","-","-1.15%"
"May 17, 2022","83,301.36","82,229.00","83,876.77","82,229.00","-","1.87%"
"May 16, 2022","81,772.46","81,096.23","82,086.40","81,082.14","-","0.78%"
"May 13, 2022","81,141.17","80,780.59","81,809.43","80,438.88","-","0.66%"
"May 12, 2022","80,612.71","79,866.10","80,863.64","79,733.45","-","0.60%"
"May 11, 2022","80,132.68","80,965.36","81,188.89","79,980.43","-","-1.02%"
"May 10, 2022","80,961.49","81,059.99","81,704.18","80,484.99","-","0.18%"
"May 09, 2022","80,812.42","80,458.63","81,330.34","79,953.20","-","0.03%"
"May 06, 2022","80,786.69","81,465.49","82,052.06","80,671.96","-","-0.91%"
"May 05, 2022","81,527.22","83,013.31","83,013.31","80,852.73","-","-2.15%"
"May 04, 2022","83,315.69","81,618.37","83,315.69","80,793.31","-","1.61%"
"May 03, 2022","81,998.80","81,971.12","82,586.88","81,762.21","-","-0.04%"
"May 02, 2022","82,029.00","83,246.72","83,273.97","81,351.05","-","-1.39%"
"Apr 29, 2022","83,185.41","85,075.22","85,648.51","83,185.41","-","-1.89%"
"Apr 28, 2022","84,792.18","84,468.84","85,118.63","84,375.98","-","0.35%"
"Apr 27, 2022","84,492.69","84,244.96","84,808.64","83,854.55","-","0.80%"
"Apr 26, 2022","83,818.67","83,820.50","84,266.67","83,468.37","-","-0.18%"
"Apr 25, 2022","83,966.37","82,590.04","84,125.33","82,393.96","-","1.37%"
"Apr 22, 2022","82,828.69","83,767.01","83,813.64","82,590.87","-","-1.46%"
"Apr 20, 2022","84,058.62","83,717.54","84,343.56","83,479.38","-","0.17%"
"Apr 19, 2022","83,914.68","85,285.65","85,285.65","83,332.90","-","-1.62%"
"Apr 18, 2022","85,299.02","85,802.88","86,378.30","85,299.02","-","-0.60%"
"Apr 14, 2022","85,814.15","85,463.32","85,925.63","85,131.32","-","0.34%"
"Apr 13, 2022","85,522.07","85,623.95","86,112.86","85,456.28","-","0.26%"
"Apr 12, 2022","85,300.11","85,703.43","86,194.91","84,837.37","-","0.24%"
"Apr 11, 2022","85,099.28","85,330.31","85,983.33","85,099.28","-","-0.70%"
"Apr 08, 2022","85,700.69","84,770.79","85,948.24","84,612.09","-","1.00%"
"Apr 07, 2022","84,852.82","84,603.31","85,151.31","84,162.10","-","0.03%"
"Apr 06, 2022","84,829.75","84,696.19","84,829.75","83,559.97","-","-0.06%"
"Apr 05, 2022","84,878.28","85,904.94","86,110.79","84,781.83","-","-1.36%"
"Apr 04, 2022","86,051.98","86,439.68","86,717.98","85,833.44","-","-0.54%"
"Apr 01, 2022","86,516.05","85,282.43","86,600.17","85,282.43","-","1.74%"
"Mar 31, 2022","85,040.32","84,945.00","85,444.28","84,703.21","-","0.23%"
"Mar 30, 2022","84,843.13","85,655.46","85,951.17","84,757.87","-","-1.05%"
"Mar 29, 2022","85,739.17","85,534.98","86,520.03","85,211.92","-","1.08%"
"Mar 28, 2022","84,824.48","85,199.09","85,416.41","84,403.90","-","-0.29%"
"Mar 25, 2022","85,075.42","84,908.50","85,413.59","84,689.23","-","0.35%"
"Mar 24, 2022","84,775.47","83,060.49","84,859.67","83,060.49","-","2.21%"
"Mar 23, 2022","82,943.71","82,907.64","83,348.24","82,433.54","-","0.22%"
"Mar 22, 2022","82,759.91","81,651.78","82,852.94","81,651.78","-","1.75%"
"Mar 21, 2022","81,335.59","80,946.29","81,424.13","80,436.53","-","0.58%"
"Mar 18, 2022","80,868.28","78,908.46","80,868.28","78,670.40","-","2.53%"
"Mar 17, 2022","78,870.64","77,093.99","78,907.73","76,929.83","-","2.28%"
"Mar 16, 2022","77,109.90","76,886.44","77,293.34","76,111.68","-","0.44%"
"Mar 15, 2022","76,772.98","76,592.15","77,104.63","76,194.26","-","0.04%"
"Mar 14, 2022","76,743.77","77,174.03","77,986.18","76,510.77","-","-0.39%"
"Mar 11, 2022","77,048.11","77,912.45","78,378.81","76,740.24","-","-1.03%"
"Mar 10, 2022","77,851.89","77,865.75","78,012.70","76,505.50","-","-0.39%"
"Mar 09, 2022","78,156.04","76,162.84","78,602.24","76,096.94","-","2.71%"
"Mar 08, 2022","76,096.42","75,975.20","77,020.58","75,473.55","-","0.30%"
"Mar 07, 2022","75,869.86","77,312.92","77,469.33","75,839.16","-","-2.26%"
"Mar 04, 2022","77,622.07","78,462.64","78,899.02","77,273.18","-","-0.93%"
"Mar 03, 2022","78,353.35","78,103.14","78,699.11","77,704.26","-","0.28%"
"Mar 02, 2022","78,137.77","78,014.98","78,369.16","77,470.52","-","0.10%"
"Feb 25, 2022","78,061.42","77,654.39","78,165.99","77,250.47","-","0.22%"
"Feb 24, 2022","77,891.40","77,469.52","78,320.93","76,274.31","-","-0.54%"
"Feb 23, 2022","78,311.49","77,711.29","79,130.89","77,711.29","-","0.84%"
"Feb 22, 2022","77,662.01","76,950.17","78,018.04","76,927.34","-","1.23%"
"Feb 21, 2022","76,717.23","77,296.43","77,587.19","76,717.23","-","-0.71%"
"Feb 18, 2022","77,266.23","77,776.20","78,029.63","77,177.32","-","-0.41%"
"Feb 17, 2022","77,582.65","77,683.96","78,294.95","77,476.63","-","-0.09%"
"Feb 16, 2022","77,652.50","77,529.67","78,148.67","77,505.29","-","0.20%"
"Feb 15, 2022","77,496.30","76,707.05","77,674.20","76,522.74","-","1.20%"
"Feb 14, 2022","76,574.16","76,544.05","77,138.18","76,303.99","-","0.07%"
"Feb 11, 2022","76,521.94","77,177.35","77,795.52","76,297.05","-","-0.71%"
"Feb 10, 2022","77,070.92","76,857.73","77,371.90","76,417.16","-","0.35%"
"Feb 09, 2022","76,803.00","76,283.68","77,067.57","76,175.02","-","0.83%"
"Feb 08, 2022","76,170.14","76,371.95","76,776.01","75,918.42","-","-0.28%"
"Feb 07, 2022","76,387.66","77,189.87","77,380.61","76,387.66","-","-1.13%"
"Feb 04, 2022","77,264.20","77,957.04","78,038.64","76,850.32","-","-0.95%"
"Feb 03, 2022","78,003.05","77,377.94","78,394.82","77,067.34","-","0.86%"
"Feb 02, 2022","77,340.96","77,991.73","78,249.39","77,191.01","-","-0.83%"
"Feb 01, 2022","77,984.98","78,540.35","78,750.23","77,828.25","-","-0.43%"
"Jan 31, 2022","78,324.28","77,228.52","78,739.44","77,162.02","-","1.41%"
"Jan 28, 2022","77,238.35","76,740.04","77,527.14","76,442.05","-","0.60%"
"Jan 27, 2022","76,781.08","76,456.72","77,417.87","76,244.51","-","0.71%"
"Jan 26, 2022","76,239.26","76,581.69","77,407.71","76,239.26","-","-0.29%"
"Jan 25, 2022","76,461.12","75,046.24","76,799.67","74,813.05","-","1.57%"
"Jan 24, 2022","75,280.49","75,940.82","76,647.12","75,123.28","-","-1.07%"
"Jan 21, 2022","76,093.33","75,965.12","76,297.55","75,409.13","-","-0.04%"
"Jan 20, 2022","76,121.23","75,661.79","76,390.40","75,648.56","-","1.05%"
"Jan 19, 2022","75,333.69","74,499.68","75,906.42","74,472.44","-","1.57%"
"Jan 18, 2022","74,167.06","74,174.68","74,474.22","73,906.81","-","-0.06%"
"Jan 17, 2022","74,213.35","74,354.93","74,974.27","74,150.34","-","-0.20%"
"Jan 14, 2022","74,361.05","73,754.26","74,541.25","73,391.66","-","0.71%"
"Jan 13, 2022","73,836.02","74,085.69","74,458.16","73,629.61","-","-0.44%"
"Jan 12, 2022","74,160.20","72,556.95","74,294.68","72,467.18","-","2.21%"
"Jan 11, 2022","72,554.07","71,557.41","72,563.36","71,381.47","-","1.38%"
"Jan 10, 2022","71,566.42","71,545.68","71,712.06","70,841.85","-","-0.25%"
"Jan 07, 2022","71,742.54","71,753.90","72,240.16","71,200.13","-","-0.29%"
"Jan 06, 2022","71,949.66","72,810.85","73,024.10","71,767.15","-","-1.07%"
"Jan 05, 2022","72,728.64","73,737.75","74,473.92","72,614.38","-","-1.66%"
"Jan 04, 2022","73,956.67","74,816.66","74,875.80","73,652.91","-","-0.98%"
"Jan 03, 2022","74,690.50","76,378.48","77,001.11","74,604.93","-","-2.12%"
"Dec 30, 2021","76,305.03","75,777.27","76,377.74","75,397.28","-","0.60%"
"Dec 29, 2021","75,848.76","76,391.62","76,532.44","75,555.34","-","-0.84%"
"Dec 28, 2021","76,493.33","76,017.73","76,493.33","75,451.87","-","0.49%"
"Dec 27, 2021","76,119.11","75,995.22","76,396.81","75,511.34","-","0.29%"
"Dec 23, 2021","75,900.47","76,377.85","76,487.52","75,742.86","-","-0.58%"
"Dec 22, 2021","76,340.97","76,154.04","76,396.77","75,549.34","-","0.24%"
"Dec 21, 2021","76,158.29","76,260.51","76,274.17","75,535.35","-","0.02%"
"Dec 20, 2021","76,144.48","76,718.73","76,830.49","75,619.30","-","-1.15%"
"Dec 17, 2021","77,031.56","76,320.63","77,223.89","75,879.77","-","0.82%"
"Dec 16, 2021","76,402.38","77,610.88","77,698.58","76,135.00","-","-1.38%"
"Dec 15, 2021","77,471.56","77,204.49","77,568.86","75,983.67","-","0.40%"
"Dec 14, 2021","77,164.11","78,450.56","79,209.10","76,990.65","-","-1.23%"
"Dec 13, 2021","78,128.33","78,119.68","79,141.83","77,821.09","-","0.17%"
"Dec 10, 2021","77,999.16","77,922.07","78,839.30","77,922.00","-","0.44%"
"Dec 09, 2021","77,660.60","78,426.81","78,938.86","77,436.21","-","-0.99%"
"Dec 08, 2021","78,435.31","77,832.81","79,427.93","77,747.83","-","0.87%"
"Dec 07, 2021","77,758.85","78,640.81","78,790.97","77,552.42","-","-0.51%"
"Dec 06, 2021","78,159.95","78,415.64","79,081.74","77,943.21","-","-0.09%"
"Dec 03, 2021","78,232.76","77,186.32","78,764.43","77,183.97","-","1.54%"
"Dec 02, 2021","77,047.16","75,509.15","77,835.44","75,509.15","-","2.61%"
"Dec 01, 2021","75,084.29","76,104.29","76,893.70","74,815.65","-","-1.06%"
"Nov 30, 2021","75,885.32","76,571.25","76,794.16","74,965.45","-","-0.96%"
"Nov 29, 2021","76,624.10","76,277.50","76,819.95","76,044.50","-","1.06%"
"Nov 26, 2021","75,819.95","76,431.78","76,442.06","75,363.61","-","-1.66%"
"Nov 25, 2021","77,100.18","76,126.65","77,597.01","76,112.53","-","1.50%"
"Nov 24, 2021","75,963.43","75,443.57","76,264.00","75,273.03","-","0.52%"
"Nov 23, 2021","75,569.02","74,835.27","75,684.30","74,310.06","-","1.11%"
"Nov 22, 2021","74,738.33","75,935.02","76,363.80","74,708.75","-","-1.32%"
"Nov 19, 2021","75,739.24","75,052.11","76,544.79","75,024.95","-","1.07%"
"Nov 18, 2021","74,936.44","74,835.25","75,949.41","74,829.87","-","0.31%"
"Nov 17, 2021","74,705.22","76,500.94","76,688.55","74,352.13","-","-2.06%"
"Nov 16, 2021","76,276.46","77,707.76","77,903.28","75,869.25","-","-1.58%"
"Nov 12, 2021","77,504.23","78,489.03","79,360.61","77,423.81","-","-1.33%"
"Nov 11, 2021","78,545.92","78,047.79","79,262.61","77,983.07","-","1.07%"
"Nov 10, 2021","77,714.82","76,265.54","78,299.42","76,265.54","-","1.82%"
"Nov 09, 2021","76,322.43","75,464.80","76,944.24","75,390.96","-","1.31%"
"Nov 08, 2021","75,333.38","75,408.42","76,380.10","75,240.47","-","-0.39%"
"Nov 05, 2021","75,628.62","75,322.40","76,541.02","75,256.80","-","0.79%"
"Nov 04, 2021","75,032.92","76,820.52","76,881.25","74,762.30","-","-2.35%"
"Nov 03, 2021","76,835.15","75,116.36","77,423.48","74,950.70","-","2.09%"
"Nov 01, 2021","75,261.95","74,575.18","75,829.14","74,575.18","-","1.20%"
"Oct 29, 2021","74,371.37","75,390.33","75,848.98","74,168.57","-","-0.88%"
"Oct 28, 2021","75,034.71","76,033.08","76,582.13","74,699.92","-","-1.61%"
"Oct 27, 2021","76,264.88","75,472.95","77,208.02","75,472.95","-","1.26%"
"Oct 26, 2021","75,315.97","76,164.67","76,288.47","75,233.23","-","-1.30%"
"Oct 25, 2021","76,309.28","75,121.63","76,599.86","74,919.34","-","1.93%"
"Oct 22, 2021","74,861.94","75,997.72","75,997.72","72,488.31","-","-2.08%"
"Oct 21, 2021","76,452.97","77,788.71","77,905.67","75,334.62","-","-2.74%"
"Oct 20, 2021","78,605.04","78,605.93","79,628.33","78,456.76","-","0.21%"
"Oct 19, 2021","78,443.95","80,136.42","80,136.42","78,151.04","-","-2.48%"
"Oct 18, 2021","80,439.40","79,515.44","80,672.14","78,910.33","-","0.95%"
"Oct 15, 2021","79,683.66","79,708.82","80,162.58","79,540.49","-","0.17%"
"Oct 14, 2021","79,545.23","79,671.84","79,984.05","79,164.98","-","-0.06%"
"Oct 13, 2021","79,594.98","78,471.77","79,910.00","78,375.77","-","1.39%"
"Oct 11, 2021","78,501.59","77,979.11","78,998.94","77,453.75","-","0.65%"
"Oct 08, 2021","77,992.78","76,659.85","78,482.68","76,659.85","-","2.08%"
"Oct 07, 2021","76,401.41","76,330.97","76,909.91","75,668.55","-","0.27%"
"Oct 06, 2021","76,192.01","76,350.67","76,350.67","75,050.37","-","-0.57%"
"Oct 05, 2021","76,626.70","77,646.79","77,646.79","76,337.94","-","-1.15%"
"Oct 04, 2021","77,514.24","78,815.72","78,815.72","77,164.27","-","-1.75%"
"Oct 01, 2021","78,892.19","78,314.65","79,088.72","77,952.27","-","0.76%"
"Sep 30, 2021","78,295.96","79,078.11","79,723.80","78,149.50","-","-0.79%"
"Sep 29, 2021","78,922.55","79,122.10","79,826.53","78,404.05","-","0.10%"
"Sep 28, 2021","78,845.50","79,747.70","79,891.56","78,712.68","-","-1.32%"
"Sep 27, 2021","79,902.23","80,079.80","80,244.79","79,245.54","-","-0.20%"
"Sep 24, 2021","80,060.46","79,929.26","80,396.63","79,549.51","-","-0.28%"
"Sep 23, 2021","80,284.84","80,330.77","81,042.67","80,095.30","-","-0.10%"
"Sep 22, 2021","80,362.56","80,421.30","81,316.30","79,900.26","-","0.23%"
"Sep 21, 2021","80,175.43","79,241.92","80,800.76","79,001.33","-","1.43%"
"Sep 20, 2021","79,041.88","79,297.32","79,987.40","78,662.71","-","-0.92%"
"Sep 17, 2021","79,775.16","79,889.11","80,102.72","79,268.25","-","-0.28%"
"Sep 16, 2021","79,995.96","80,158.42","80,460.99","79,665.05","-","-0.37%"
"Sep 15, 2021","80,289.40","81,257.07","81,257.07","79,981.76","-","-1.13%"
"Sep 14, 2021","81,208.21","80,880.09","81,951.72","80,790.86","-","0.46%"
"Sep 13, 2021","80,832.62","80,042.85","81,163.09","79,940.65","-","1.50%"
"Sep 10, 2021","79,634.88","80,228.02","80,635.49","79,458.39","-","-0.23%"
"Sep 09, 2021","79,816.49","78,055.66","80,287.41","77,923.55","-","2.12%"
"Sep 08, 2021","78,157.77","80,453.21","80,453.21","77,923.33","-","-3.08%"
"Sep 06, 2021","80,641.09","79,912.37","80,868.68","79,678.72","-","0.83%"
"Sep 03, 2021","79,980.68","80,702.09","80,802.85","79,629.40","-","-0.66%"
"Sep 02, 2021","80,513.15","81,751.24","81,751.24","80,440.42","-","-1.68%"
"Sep 01, 2021","81,891.92","80,073.84","82,225.59","80,073.84","-","2.43%"
"Aug 31, 2021","79,946.19","80,046.75","80,293.07","79,413.93","-","-0.10%"
"Aug 30, 2021","80,027.95","80,500.00","80,500.00","79,616.90","-","-0.70%"
"Aug 27, 2021","80,588.43","80,174.12","80,679.08","79,618.39","-","0.52%"
"Aug 26, 2021","80,171.58","81,236.80","81,236.80","80,171.58","-","-1.25%"
"Aug 25, 2021","81,190.48","80,747.76","81,245.58","80,342.34","-","0.33%"
"Aug 24, 2021","80,926.44","79,523.97","80,972.38","79,383.41","-","2.03%"
"Aug 23, 2021","79,318.89","80,246.87","80,329.37","78,988.62","-","-1.18%"
"Aug 20, 2021","80,265.88","78,206.21","80,342.63","78,029.09","-","2.25%"
"Aug 19, 2021","78,499.98","76,198.38","78,782.85","75,910.15","-","2.52%"
"Aug 18, 2021","76,567.23","77,071.67","77,366.81","76,119.76","-","-0.64%"
"Aug 17, 2021","77,062.01","77,361.54","77,539.97","76,081.39","-","-0.54%"
"Aug 16, 2021","77,479.00","77,872.75","78,155.36","77,115.32","-","-0.67%"
"Aug 13, 2021","78,002.98","77,040.98","78,002.98","76,771.19","-","1.36%"
"Aug 12, 2021","76,954.54","77,524.76","77,576.78","76,758.34","-","-0.76%"
"Aug 11, 2021","77,542.67","77,423.60","77,846.51","76,752.75","-","0.07%"
"Aug 10, 2021","77,491.83","78,832.10","78,903.22","77,491.83","-","-1.57%"
"Aug 09, 2021","78,730.20","78,393.75","79,214.79","78,339.97","-","0.42%"
"Aug 06, 2021","78,404.69","77,929.94","78,810.27","77,867.79","-","0.73%"
"Aug 05, 2021","77,835.14","78,985.52","79,476.66","77,672.46","-","-1.16%"
"Aug 04, 2021","78,751.21","78,844.88","79,572.77","78,118.19","-","-0.45%"
"Aug 03, 2021","79,110.59","78,959.35","79,139.54","77,872.92","-","0.13%"
"Aug 02, 2021","79,011.33","78,479.27","79,836.83","78,479.27","-","1.10%"
"Jul 30, 2021","78,147.84","79,699.57","79,909.65","78,026.82","-","-2.25%"
"Jul 29, 2021","79,949.95","80,378.48","80,633.78","79,725.00","-","-0.47%"
"Jul 28, 2021","80,327.08","80,110.98","80,597.17","79,657.40","-","0.46%"
"Jul 27, 2021","79,962.49","79,720.75","80,089.44","79,408.08","-","0.18%"
"Jul 26, 2021","79,815.74","80,328.35","80,372.96","79,567.07","-","-0.65%"
"Jul 23, 2021","80,336.82","81,399.79","81,442.65","80,131.34","-","-1.29%"
"Jul 22, 2021","81,384.99","80,825.56","81,556.02","80,807.01","-","0.68%"
"Jul 21, 2021","80,838.22","80,696.19","81,022.54","80,474.00","-","0.20%"
"Jul 20, 2021","80,677.94","80,419.60","80,948.23","80,163.94","-","0.15%"
"Jul 19, 2021","80,555.27","80,750.12","81,016.81","79,931.10","-","-0.74%"
"Jul 16, 2021","81,159.03","81,246.41","81,850.27","81,070.03","-","-0.02%"
"Jul 15, 2021","81,178.98","81,410.29","81,641.29","80,732.25","-","-0.21%"
"Jul 14, 2021","81,352.36","80,951.68","81,557.98","80,718.84","-","0.78%"
"Jul 13, 2021","80,719.77","80,604.92","80,846.83","80,048.37","-","-0.09%"
"Jul 12, 2021","80,796.36","80,074.97","80,798.88","79,810.61","-","1.22%"
"Jul 08, 2021","79,820.25","79,991.98","80,364.16","79,442.28","-","-0.88%"
"Jul 07, 2021","80,525.28","80,036.48","80,737.91","79,516.91","-","0.81%"
"Jul 06, 2021","79,880.81","80,322.17","80,322.17","79,486.02","-","-0.78%"
"Jul 05, 2021","80,504.77","80,446.70","80,715.94","80,093.12","-","0.02%"
"Jul 02, 2021","80,485.38","79,921.51","80,589.97","79,792.67","-","0.92%"
"Jul 01, 2021","79,754.79","80,367.28","80,472.75","79,292.01","-","-0.87%"
"Jun 30, 2021","80,452.18","80,828.93","80,841.74","79,643.54","-","-0.68%"
"Jun 29, 2021","81,000.21","81,603.32","81,603.32","80,434.53","-","-0.79%"
"Jun 28, 2021","81,646.01","81,934.99","82,193.92","81,384.80","-","-0.25%"
"Jun 25, 2021","81,849.59","83,123.38","83,225.30","81,208.51","-","-1.39%"
"Jun 24, 2021","83,000.76","82,988.67","83,384.73","82,556.40","-","0.23%"
"Jun 23, 2021","82,810.30","83,381.47","83,799.45","82,709.12","-","-0.57%"
"Jun 22, 2021","83,286.24","83,914.61","83,914.61","82,712.16","-","-0.82%"
"Jun 21, 2021","83,979.05","83,963.99","84,133.13","83,080.14","-","-0.03%"
"Jun 18, 2021","84,007.25","83,750.36","84,546.38","83,404.59","-","0.54%"
"Jun 17, 2021","83,559.75","83,911.92","84,761.04","83,178.08","-","-0.38%"
"Jun 16, 2021","83,880.22","84,773.08","85,305.35","83,599.37","-","-0.93%"
"Jun 15, 2021","84,669.77","85,004.19","85,066.04","84,131.33","-","-0.23%"
"Jun 14, 2021","84,866.61","83,658.89","85,054.65","83,658.89","-","1.46%"
"Jun 11, 2021","83,646.90","84,575.90","84,586.31","83,072.32","-","-1.01%"
"Jun 10, 2021","84,503.67","83,917.20","84,684.49","83,912.38","-","0.89%"
"Jun 09, 2021","83,757.48","84,487.22","84,688.40","83,690.71","-","-0.91%"
"Jun 08, 2021","84,530.91","85,198.40","85,322.33","84,241.67","-","-0.89%"
"Jun 07, 2021","85,292.62","84,781.74","85,483.25","84,752.53","-","0.65%"
"Jun 04, 2021","84,740.13","84,388.05","84,801.81","84,178.12","-","0.35%"
"Jun 02, 2021","84,448.39","84,550.65","84,897.93","84,171.81","-","0.14%"
"Jun 01, 2021","84,329.13","83,821.10","84,809.70","83,739.88","-","0.85%"
"May 31, 2021","83,618.99","83,522.07","83,850.86","83,149.64","-","0.04%"
"May 28, 2021","83,585.43","83,718.92","83,747.17","82,887.06","-","-0.26%"
"May 27, 2021","83,799.50","83,894.27","84,090.42","83,229.52","-","-0.06%"
"May 26, 2021","83,846.19","84,184.76","84,659.50","83,525.70","-","-0.26%"
"May 25, 2021","84,065.52","83,987.46","84,180.64","83,479.60","-","0.26%"
"May 24, 2021","83,850.29","82,763.97","83,911.97","82,747.01","-","1.49%"
"May 21, 2021","82,615.73","82,610.72","82,618.16","82,097.30","-","0.14%"
"May 20, 2021","82,501.05","82,282.34","82,501.05","81,817.46","-","0.38%"
"May 19, 2021","82,188.28","81,104.29","82,635.62","80,924.43","-","1.06%"
"May 18, 2021","81,323.20","81,252.96","81,768.29","80,818.74","-","0.21%"
"May 17, 2021","81,152.15","80,939.18","81,506.83","80,477.08","-","0.34%"
"May 14, 2021","80,879.03","79,992.46","80,971.85","79,963.91","-","1.56%"
"May 13, 2021","79,635.95","78,211.21","79,729.64","78,123.74","-","2.16%"
"May 12, 2021","77,955.96","79,949.79","79,949.79","77,843.16","-","-2.61%"
"May 11, 2021","80,045.93","78,767.47","80,145.46","78,079.98","-","1.13%"
"May 10, 2021","79,149.93","80,428.63","80,428.63","78,870.24","-","-1.38%"
"May 07, 2021","80,260.32","79,247.64","80,390.30","79,132.11","-","1.35%"
"May 06, 2021","79,194.31","79,137.53","79,205.40","78,566.72","-","-0.01%"
"May 05, 2021","79,205.54","79,141.59","79,263.14","78,449.55","-","0.19%"
"May 04, 2021","79,052.52","80,395.72","80,395.72","78,722.42","-","-1.59%"
"May 03, 2021","80,327.02","80,033.39","81,034.86","79,921.87","-","0.26%"
"Apr 30, 2021","80,122.10","81,144.50","81,431.04","80,057.49","-","-1.30%"
"Apr 29, 2021","81,175.07","80,577.31","81,284.96","80,484.63","-","0.65%"
"Apr 28, 2021","80,654.47","80,122.21","80,831.86","79,862.66","-","0.95%"
"Apr 27, 2021","79,895.70","81,047.64","81,063.60","79,853.10","-","-1.24%"
"Apr 26, 2021","80,902.72","81,518.73","81,751.78","80,421.87","-","-0.54%"
"Apr 23, 2021","81,343.06","81,002.44","81,410.60","80,565.99","-","0.70%"
"Apr 22, 2021","80,777.27","81,585.64","81,845.94","80,594.61","-","-0.51%"
"Apr 20, 2021","81,193.19","80,830.45","81,802.88","80,802.42","-","0.34%"
"Apr 19, 2021","80,915.50","81,004.88","81,178.47","80,254.23","-","-0.21%"
"Apr 16, 2021","81,084.32","79,836.95","81,106.34","79,488.33","-","1.67%"
"Apr 15, 2021","79,754.81","79,413.48","79,823.93","79,147.50","-","0.50%"
"Apr 14, 2021","79,359.83","79,920.62","80,028.33","79,051.24","-","-0.65%"
"Apr 13, 2021","79,877.80","80,321.21","80,321.21","79,597.49","-","-0.65%"
"Apr 12, 2021","80,400.88","80,143.62","80,693.35","80,008.18","-","0.47%"
"Apr 09, 2021","80,021.07","80,336.26","80,519.99","79,823.53","-","-0.65%"
"Apr 08, 2021","80,544.35","80,569.93","80,839.62","80,071.70","-","0.02%"
"Apr 07, 2021","80,527.04","80,823.63","81,379.90","80,283.81","-","-0.53%"
"Apr 06, 2021","80,958.74","80,828.62","81,202.65","80,212.72","-","0.31%"
"Apr 05, 2021","80,705.84","80,330.09","80,915.83","80,187.11","-","0.87%"
"Apr 01, 2021","80,012.02","80,888.99","81,198.94","79,754.87","-","-1.11%"
"Mar 31, 2021","80,913.07","80,251.95","81,108.34","80,057.96","-","0.93%"
"Mar 30, 2021","80,168.89","78,754.57","80,338.16","78,521.28","-","1.75%"
"Mar 29, 2021","78,789.90","78,948.46","79,558.71","78,287.00","-","-0.17%"
"Mar 26, 2021","78,925.56","78,242.38","79,060.40","78,078.46","-","0.78%"
"Mar 25, 2021","78,316.68","76,176.80","78,595.99","75,855.80","-","2.47%"
"Mar 24, 2021","76,431.53","78,355.25","78,355.25","76,224.35","-","-2.24%"
"Mar 23, 2021","78,181.54","78,232.02","79,001.97","77,898.76","-","-0.23%"
"Mar 22, 2021","78,363.22","78,877.82","79,319.70","77,707.54","-","-0.71%"
"Mar 19, 2021","78,924.60","77,640.10","79,169.43","77,433.43","-","1.69%"
"Mar 18, 2021","77,614.61","78,185.28","78,488.59","77,318.68","-","-0.96%"
"Mar 17, 2021","78,365.21","77,055.97","78,429.70","76,381.69","-","1.59%"
"Mar 16, 2021","77,137.26","77,223.67","77,990.29","76,458.69","-","0.04%"
"Mar 15, 2021","77,105.28","75,893.06","77,473.77","75,868.13","-","1.66%"
"Mar 12, 2021","75,848.50","75,547.43","76,271.60","75,050.48","-","0.16%"
"Mar 11, 2021","75,729.16","74,986.65","76,321.00","74,721.96","-","1.43%"
"Mar 10, 2021","74,665.15","73,187.73","74,740.33","73,099.40","-","2.06%"
"Mar 09, 2021","73,160.39","73,165.91","73,610.90","72,728.69","-","0.22%"
"Mar 08, 2021","72,997.56","74,994.10","75,439.78","72,833.20","-","-3.31%"
"Mar 05, 2021","75,494.25","75,635.60","75,809.67","74,596.97","-","-0.38%"
"Mar 04, 2021","75,785.78","73,986.23","76,698.20","73,986.23","-","2.55%"
"Mar 03, 2021","73,904.02","73,726.15","74,226.73","71,457.03","-","0.26%"
"Mar 02, 2021","73,713.28","72,536.21","73,888.10","70,853.06","-","0.89%"
"Mar 01, 2021","73,063.70","74,644.35","75,086.83","72,994.96","-","-1.79%"
"Feb 26, 2021","74,396.16","75,865.17","76,434.63","74,298.09","-","-1.81%"
"Feb 25, 2021","75,764.81","77,442.86","77,918.79","75,475.74","-","-2.14%"
"Feb 24, 2021","77,417.98","77,550.96","78,556.94","76,998.87","-","0.10%"
"Feb 23, 2021","77,339.49","76,420.87","78,001.69","76,240.18","-","1.48%"
"Feb 22, 2021","76,214.48","77,434.30","77,434.30","75,221.73","-","-3.48%"
"Feb 19, 2021","78,962.41","79,255.74","79,697.58","78,741.44","-","-0.40%"
"Feb 18, 2021","79,277.76","79,859.47","80,075.86","78,905.27","-","-0.76%"
"Feb 17, 2021","79,887.73","80,982.94","81,039.19","79,701.60","-","-1.40%"
"Feb 12, 2021","81,022.74","81,552.98","81,552.98","80,803.46","-","-0.64%"
"Feb 11, 2021","81,541.16","81,511.86","82,273.93","81,151.78","-","0.23%"
"Feb 10, 2021","81,354.91","82,346.12","82,475.40","81,005.55","-","-1.08%"
"Feb 09, 2021","82,239.91","82,218.87","82,828.93","81,985.57","-","-0.18%"
"Feb 08, 2021","82,389.88","82,339.78","83,002.95","81,714.70","-","0.02%"
"Feb 05, 2021","82,377.04","82,338.01","82,640.06","81,915.65","-","0.18%"
"Feb 04, 2021","82,228.94","82,519.79","82,831.51","81,848.27","-","-0.21%"
"Feb 03, 2021","82,399.47","81,852.66","82,798.42","81,852.66","-","0.78%"
"Feb 02, 2021","81,763.36","81,032.95","82,868.15","81,032.95","-","1.33%"
"Feb 01, 2021","80,689.40","79,232.16","80,939.94","79,008.27","-","2.24%"
"Jan 29, 2021","78,922.76","80,212.58","80,865.86","78,841.84","-","-1.85%"
"Jan 28, 2021","80,407.13","78,571.08","80,618.08","78,416.24","-","2.32%"
"Jan 27, 2021","78,581.65","77,792.48","79,476.41","77,683.88","-","0.87%"
"Jan 26, 2021","77,905.07","79,124.53","79,587.92","77,740.41","-","-1.79%"
"Jan 22, 2021","79,325.78","79,548.94","79,589.46","78,411.69","-","-0.93%"
"Jan 21, 2021","80,070.15","80,959.74","81,174.80","79,384.97","-","-1.08%"
"Jan 20, 2021","80,944.15","82,374.92","82,405.93","80,651.17","-","-1.57%"
"Jan 19, 2021","82,233.06","82,471.31","82,812.90","81,801.14","-","-0.23%"
"Jan 18, 2021","82,424.07","83,574.96","83,910.49","82,424.07","-","-1.21%"
"Jan 15, 2021","83,433.82","83,376.29","83,992.60","82,539.55","-","-0.37%"
"Jan 14, 2021","83,742.36","82,447.11","83,778.17","82,398.07","-","1.85%"
"Jan 13, 2021","82,221.28","81,511.19","82,430.79","81,099.89","-","0.85%"
"Jan 12, 2021","81,530.09","80,952.29","81,687.36","80,501.84","-","0.95%"
"Jan 11, 2021","80,759.34","82,078.03","82,174.90","80,234.81","-","-1.96%"
"Jan 08, 2021","82,376.05","79,742.14","82,472.23","79,585.81","-","3.52%"
"Jan 07, 2021","79,577.18","80,652.01","80,902.71","79,380.52","-","-1.26%"
"Jan 06, 2021","80,593.64","81,511.53","81,697.67","80,160.83","-","-1.18%"
"Jan 05, 2021","81,558.40","81,961.01","81,961.01","80,434.25","-","-0.48%"
"Jan 04, 2021","81,955.05","83,184.65","83,798.71","81,642.99","-","-1.08%"
"Dec 30, 2020","82,845.94","82,493.31","83,052.71","82,211.84","-","0.50%"
"Dec 29, 2020","82,437.03","82,342.31","82,529.70","81,981.46","-","0.14%"
"Dec 28, 2020","82,320.49","81,295.92","82,439.46","81,243.24","-","1.62%"
"Dec 23, 2020","81,004.23","79,850.63","81,199.03","79,850.63","-","1.57%"
"Dec 22, 2020","79,754.15","79,766.64","80,120.04","79,473.08","-","0.26%"
"Dec 21, 2020","79,547.30","79,675.22","80,015.21","78,757.63","-","-1.54%"
"Dec 18, 2020","80,792.72","81,088.63","81,735.04","80,469.14","-","-0.28%"
"Dec 17, 2020","81,023.22","81,120.34","82,045.49","80,765.14","-","-0.09%"
"Dec 16, 2020","81,097.63","80,670.05","81,244.39","80,026.16","-","0.59%"
"Dec 15, 2020","80,619.95","80,052.55","80,808.20","79,294.30","-","0.89%"
"Dec 14, 2020","79,912.62","80,639.15","81,203.98","79,912.62","-","-0.57%"
"Dec 11, 2020","80,370.24","78,515.84","80,656.74","78,271.47","-","2.35%"
"Dec 10, 2020","78,527.46","78,105.04","78,661.07","77,035.71","-","0.71%"
"Dec 09, 2020","77,977.28","78,209.89","78,406.52","77,717.75","-","-0.14%"
"Dec 08, 2020","78,085.18","78,253.60","78,850.45","77,546.39","-","-0.42%"
"Dec 07, 2020","78,415.12","78,205.34","79,378.46","77,985.69","-","0.26%"
"Dec 04, 2020","78,208.45","78,529.32","78,986.80","77,870.35","-","-0.34%"
"Dec 03, 2020","78,475.84","78,281.72","79,582.83","78,244.37","-","0.42%"
"Dec 02, 2020","78,144.87","77,535.81","78,686.43","77,535.81","-","0.79%"
"Dec 01, 2020","77,529.60","77,508.85","77,767.12","76,744.50","-","0.32%"
"Nov 30, 2020","77,283.13","77,666.73","78,127.90","77,251.92","-","-0.46%"
"Nov 27, 2020","77,637.53","77,679.15","77,969.09","77,323.46","-","0.02%"
"Nov 26, 2020","77,618.45","76,928.66","77,685.03","76,613.67","-","0.91%"
"Nov 25, 2020","76,918.09","76,236.35","77,280.42","76,236.35","-","0.89%"
"Nov 24, 2020","76,235.90","75,814.34","76,399.88","75,325.57","-","0.74%"
"Nov 23, 2020","75,673.17","75,778.21","76,072.66","75,496.63","-","0.07%"
"Nov 20, 2020","75,619.50","76,585.29","76,651.92","75,520.24","-","-1.27%"
"Nov 19, 2020","76,594.22","76,718.69","77,280.16","76,551.41","-","-0.16%"
"Nov 18, 2020","76,718.79","77,199.97","77,359.82","76,415.20","-","-0.61%"
"Nov 17, 2020","77,187.53","76,508.43","77,228.50","75,803.97","-","0.55%"
"Nov 16, 2020","76,768.51","76,543.42","77,132.34","76,351.01","-","0.78%"
"Nov 13, 2020","76,171.73","74,653.61","76,171.73","74,581.21","-","2.42%"
"Nov 12, 2020","74,373.94","75,561.90","76,384.12","73,874.65","-","-1.42%"
"Nov 11, 2020","75,443.43","76,309.34","76,312.48","74,932.41","-","-1.42%"
"Nov 10, 2020","76,526.34","76,364.67","76,978.90","75,925.86","-","0.13%"
"Nov 09, 2020","76,428.83","77,188.82","77,989.07","76,269.15","-","0.31%"
"Nov 06, 2020","76,189.20","75,190.43","76,390.65","74,837.61","-","0.96%"
"Nov 05, 2020","75,467.98","73,540.50","75,610.48","73,540.50","-","3.21%"
"Nov 04, 2020","73,120.00","71,498.89","73,247.31","71,493.13","-","2.71%"
"Nov 03, 2020","71,193.09","70,509.79","71,702.11","70,509.79","-","1.78%"
"Oct 30, 2020","69,951.35","70,963.08","70,963.13","69,476.46","-","-1.51%"
"Oct 29, 2020","71,021.21","70,994.10","71,160.38","69,389.34","-","0.12%"
"Oct 28, 2020","70,934.95","72,129.30","72,129.30","70,862.34","-","-2.55%"
"Oct 27, 2020","72,788.92","73,157.67","73,503.29","72,646.53","-","-0.35%"
"Oct 26, 2020","73,042.11","72,465.28","73,939.35","72,403.56","-","0.79%"
"Oct 23, 2020","72,466.15","72,314.81","72,965.54","72,200.95","-","0.06%"
"Oct 22, 2020","72,421.57","71,995.63","72,439.48","71,604.35","-","0.59%"
"Oct 21, 2020","71,999.41","71,700.90","72,137.86","71,465.30","-","0.36%"
"Oct 20, 2020","71,743.84","70,884.22","71,828.15","70,865.11","-","1.37%"
"Oct 19, 2020","70,771.85","71,163.23","71,721.37","70,653.70","-","-0.21%"
"Oct 16, 2020","70,921.52","70,814.41","71,359.37","70,459.09","-","0.21%"
"Oct 15, 2020","70,776.08","69,874.99","70,857.32","69,533.03","-","0.90%"
"Oct 14, 2020","70,142.93","69,510.75","70,616.12","69,378.77","-","1.05%"
"Oct 13, 2020","69,415.87","69,813.74","70,068.25","69,161.93","-","-0.31%"
"Oct 09, 2020","69,629.00","69,454.72","70,319.88","69,349.97","-","0.20%"
"Oct 08, 2020","69,493.19","68,326.13","69,493.19","68,116.68","-","1.67%"
"Oct 07, 2020","68,349.38","68,896.28","68,907.75","67,695.06","-","-0.54%"
"Oct 06, 2020","68,717.51","69,207.41","69,715.22","68,440.91","-","-0.35%"
"Oct 05, 2020","68,957.93","68,301.98","69,267.01","67,684.56","-","1.05%"
"Oct 02, 2020","68,242.22","68,596.17","69,202.55","67,833.84","-","-0.73%"
"Oct 01, 2020","68,741.30","68,606.60","68,888.28","67,646.27","-","0.25%"
"Sep 30, 2020","68,569.31","68,352.71","68,721.71","68,132.80","-","0.45%"
"Sep 29, 2020","68,265.42","68,752.73","68,765.05","67,824.90","-","-0.76%"
"Sep 28, 2020","68,787.73","70,838.19","71,000.68","68,319.17","-","-2.58%"
"Sep 25, 2020","70,607.48","70,569.38","70,613.12","69,856.20","-","-0.22%"
"Sep 24, 2020","70,760.83","70,185.65","71,167.66","69,995.39","-","0.89%"
"Sep 23, 2020","70,135.47","70,905.42","71,203.49","70,022.56","-","-1.13%"
"Sep 22, 2020","70,935.89","70,524.28","71,058.43","70,234.11","-","0.48%"
"Sep 21, 2020","70,597.75","70,217.54","70,810.37","69,254.29","-","-0.10%"
"Sep 18, 2020","70,666.08","71,782.14","71,822.59","70,507.80","-","-1.64%"
"Sep 17, 2020","71,846.29","71,402.06","72,021.63","71,042.92","-","0.32%"
"Sep 16, 2020","71,615.22","71,461.99","72,025.58","71,458.50","-","0.32%"
"Sep 15, 2020","71,389.88","71,792.69","72,243.99","71,243.52","-","-0.37%"
"Sep 14, 2020","71,654.94","71,062.87","71,891.54","70,886.53","-","1.02%"
"Sep 11, 2020","70,934.89","72,057.53","72,085.17","70,131.77","-","-1.77%"
"Sep 10, 2020","72,215.60","74,000.11","74,398.05","72,126.12","-","-2.30%"
"Sep 09, 2020","73,913.37","73,255.42","74,310.60","73,253.36","-","1.38%"
"Sep 08, 2020","72,907.87","72,210.60","73,008.20","71,676.35","-","0.58%"
"Sep 04, 2020","72,487.91","72,511.22","73,013.08","71,585.99","-","0.08%"
"Sep 03, 2020","72,426.59","73,158.37","73,818.83","71,898.89","-","-1.04%"
"Sep 02, 2020","73,184.54","73,001.07","73,265.70","72,484.20","-","0.27%"
"Sep 01, 2020","72,989.05","72,190.60","73,164.87","72,130.06","-","1.42%"
"Aug 31, 2020","71,966.61","73,147.30","73,147.30","71,935.96","-","-1.71%"
"Aug 28, 2020","73,217.55","72,479.36","73,870.80","72,466.94","-","1.16%"
"Aug 27, 2020","72,379.50","72,650.34","73,184.18","72,120.73","-","-0.35%"
"Aug 26, 2020","72,637.21","73,915.40","74,269.95","71,965.85","-","-1.60%"
"Aug 25, 2020","73,818.33","73,128.39","73,923.69","72,638.99","-","1.01%"
"Aug 24, 2020","73,079.37","72,628.57","73,206.54","72,050.27","-","1.17%"
"Aug 21, 2020","72,236.95","71,328.35","72,437.97","70,956.28","-","1.26%"
"Aug 20, 2020","71,334.73","70,679.28","71,437.09","69,833.65","-","0.17%"
"Aug 19, 2020","71,213.24","72,024.08","72,059.64","70,736.99","-","-0.90%"
"Aug 18, 2020","71,863.33","70,731.42","71,863.33","70,596.82","-","2.25%"
"Aug 17, 2020","70,279.72","72,028.16","72,134.58","69,608.35","-","-2.54%"
"Aug 14, 2020","72,113.22","71,612.61","72,191.94","70,981.55","-","0.57%"
"Aug 13, 2020","71,707.33","72,983.57","73,489.53","71,335.44","-","-1.57%"
"Aug 12, 2020","72,849.95","73,949.56","73,952.58","72,052.51","-","-1.21%"
"Aug 11, 2020","73,744.67","75,032.74","75,182.29","73,678.68","-","-1.48%"
"Aug 10, 2020","74,854.39","75,242.65","75,291.89","74,148.35","-","-0.42%"
"Aug 07, 2020","75,172.68","75,916.32","75,916.32","74,721.58","-","-1.20%"
"Aug 06, 2020","76,087.68","74,431.63","76,196.71","74,350.87","-","2.31%"
"Aug 05, 2020","74,370.16","74,675.22","75,298.78","73,843.40","-","0.02%"
"Aug 04, 2020","74,355.93","75,411.77","75,968.53","73,955.97","-","-1.93%"
"Aug 03, 2020","75,816.09","76,772.33","76,877.48","75,495.90","-","-0.92%"
"Jul 31, 2020","76,523.66","76,244.28","76,855.43","75,946.18","-","0.50%"
"Jul 30, 2020","76,139.19","75,396.02","76,154.92","75,170.17","-","0.63%"
"Jul 29, 2020","75,665.49","75,674.89","75,948.22","75,204.63","-","0.27%"
"Jul 28, 2020","75,458.66","76,107.27","76,107.27","75,308.85","-","-0.83%"
"Jul 27, 2020","76,087.31","74,776.03","76,334.24","74,767.22","-","1.58%"
"Jul 24, 2020","74,902.65","74,921.06","74,981.07","73,533.06","-","-0.35%"
"Jul 23, 2020","75,167.35","75,632.30","76,045.19","74,686.72","-","-0.67%"
"Jul 22, 2020","75,675.38","74,763.54","75,806.36","74,505.81","-","1.31%"
"Jul 21, 2020","74,700.31","75,286.90","75,574.72","74,234.76","-","-0.57%"
"Jul 20, 2020","75,129.87","74,417.38","75,133.75","74,275.40","-","1.03%"
"Jul 17, 2020","74,360.87","72,718.82","74,417.79","72,686.67","-","2.46%"
"Jul 16, 2020","72,575.55","72,986.73","73,109.80","72,355.51","-","-0.34%"
"Jul 15, 2020","72,824.08","71,887.70","72,919.91","71,887.70","-","1.52%"
"Jul 14, 2020","71,731.24","71,677.06","72,022.84","71,126.41","-","0.12%"
"Jul 13, 2020","71,644.41","72,268.09","72,624.10","71,644.41","-","-0.56%"
"Jul 10, 2020","72,050.39","72,076.64","72,426.98","71,546.69","-","0.05%"
"Jul 09, 2020","72,017.48","72,115.41","72,869.97","71,868.25","-","0.03%"
"Jul 08, 2020","71,996.52","71,663.60","72,312.04","71,663.60","-","0.71%"
"Jul 07, 2020","71,488.07","71,861.65","71,971.60","71,330.10","-","-0.70%"
"Jul 06, 2020","71,989.50","72,071.96","72,492.85","71,529.66","-","0.54%"
"Jul 03, 2020","71,605.19","70,789.48","71,605.19","70,651.48","-","1.21%"
"Jul 02, 2020","70,746.77","71,329.89","71,814.41","70,649.89","-","-0.20%"
"Jul 01, 2020","70,885.91","70,474.92","71,345.11","70,290.15","-","1.04%"
"Jun 30, 2020","70,159.54","69,376.16","70,510.02","68,971.91","-","0.82%"
"Jun 29, 2020","69,589.04","68,670.16","69,589.04","68,537.83","-","1.59%"
"Jun 26, 2020","68,502.85","69,460.82","69,486.89","68,122.80","-","-1.52%"
"Jun 25, 2020","69,557.99","68,674.80","69,566.80","68,303.49","-","1.04%"
"Jun 24, 2020","68,840.97","69,652.48","69,697.34","67,848.73","-","-1.31%"
"Jun 23, 2020","69,754.58","70,790.12","71,172.56","69,534.45","-","-1.03%"
"Jun 22, 2020","70,481.97","70,388.26","71,256.39","70,229.05","-","0.18%"
"Jun 19, 2020","70,358.71","69,846.65","70,736.14","69,846.65","-","1.29%"
"Jun 18, 2020","69,459.63","70,006.82","70,292.60","69,351.30","-","-0.89%"
"Jun 17, 2020","70,085.73","68,066.51","70,559.22","68,066.51","-","3.33%"
"Jun 16, 2020","67,826.99","68,643.77","69,423.04","67,826.99","-","0.08%"
"Jun 15, 2020","67,773.57","67,491.19","68,319.74","66,287.24","-","-0.79%"
"Jun 12, 2020","68,313.62","67,926.08","68,371.65","66,613.54","-","-1.38%"
"Jun 10, 2020","69,266.42","70,944.29","71,196.02","68,662.44","-","-1.74%"
"Jun 09, 2020","70,489.88","69,775.16","70,581.43","68,972.95","-","0.16%"
"Jun 08, 2020","70,379.80","68,223.80","70,446.68","68,223.80","-","3.68%"
"Jun 05, 2020","67,879.29","67,992.42","69,105.48","67,876.47","-","0.56%"
"Jun 04, 2020","67,503.38","67,849.57","68,392.17","67,157.26","-","-0.48%"
"Jun 03, 2020","67,829.11","68,092.05","69,105.93","67,017.47","-","0.60%"
"Jun 02, 2020","67,422.28","66,978.03","67,575.25","66,869.96","-","1.14%"
"Jun 01, 2020","66,659.08","66,293.33","67,121.76","65,999.47","-","0.44%"
"May 29, 2020","66,370.28","66,616.60","66,970.26","65,762.25","-","-0.31%"
"May 28, 2020","66,574.76","66,466.54","66,840.99","65,912.89","-","-0.15%"
"May 27, 2020","66,675.18","65,325.47","66,855.48","65,325.47","-","2.67%"
"May 26, 2020","64,942.48","65,223.67","66,028.91","64,609.52","-","0.26%"
"May 25, 2020","64,774.54","62,868.39","64,902.10","62,868.39","-","4.34%"
"May 22, 2020","62,077.59","61,407.20","62,231.06","60,904.30","-","0.91%"
"May 21, 2020","61,515.74","59,834.91","61,732.52","59,831.26","-","2.77%"
"May 20, 2020","59,859.11","60,467.47","60,880.57","59,730.96","-","-0.66%"
"May 19, 2020","60,257.38","61,062.09","61,549.67","60,180.50","-","-1.52%"
"May 18, 2020","61,189.93","59,854.28","61,469.81","59,679.54","-","3.61%"
"May 15, 2020","59,058.84","59,318.21","59,806.50","58,157.12","-","-0.51%"
"May 14, 2020","59,359.09","57,057.23","59,359.09","56,199.72","-","3.21%"
"May 13, 2020","57,512.63","58,558.82","58,844.71","56,997.51","-","-1.28%"
"May 12, 2020","58,261.09","59,231.70","60,380.93","58,235.91","-","-1.53%"
"May 11, 2020","59,166.97","59,593.38","60,066.29","58,777.08","-","-1.07%"
"May 08, 2020","59,809.31","58,724.12","59,809.31","58,266.14","-","3.11%"
"May 07, 2020","58,004.30","60,529.51","60,784.70","58,004.30","-","-3.91%"
"May 06, 2020","60,363.83","61,334.67","61,348.94","59,789.97","-","-1.37%"
"May 05, 2020","61,200.28","60,783.67","61,888.03","60,783.67","-","1.40%"
"May 04, 2020","60,355.40","60,557.11","60,665.90","59,379.22","-","-1.60%"
"Apr 30, 2020","61,335.14","62,222.16","62,462.13","60,913.32","-","-1.79%"
"Apr 29, 2020","62,450.63","63,017.29","63,341.89","62,049.17","-","0.32%"
"Apr 28, 2020","62,251.57","61,359.99","62,538.00","61,359.99","-","2.94%"
"Apr 27, 2020","60,471.58","59,266.31","60,677.04","59,233.37","-","3.35%"
"Apr 24, 2020","58,512.88","61,591.31","61,647.30","57,001.48","-","-6.01%"
"Apr 23, 2020","62,253.75","63,470.31","64,048.35","61,606.83","-","-1.31%"
"Apr 22, 2020","63,081.36","62,233.09","63,812.07","62,136.79","-","1.16%"
"Apr 20, 2020","62,359.38","61,311.94","62,861.13","60,646.00","-","0.75%"
"Apr 17, 2020","61,893.48","62,492.70","62,845.49","61,527.84","-","0.03%"
"Apr 16, 2020","61,872.81","62,895.36","63,201.06","61,590.92","-","-0.80%"
"Apr 15, 2020","62,374.81","61,136.07","62,554.99","60,602.29","-","0.83%"
"Apr 14, 2020","61,861.97","60,562.69","62,217.71","60,562.69","-","3.23%"
"Apr 13, 2020","59,926.20","59,537.35","60,367.68","58,251.30","-","0.61%"
"Apr 09, 2020","59,562.37","59,297.51","60,294.95","59,137.98","-","1.25%"
"Apr 08, 2020","58,829.74","57,801.33","59,259.84","56,864.76","-","1.79%"
"Apr 07, 2020","57,797.33","58,497.70","60,670.57","57,707.58","-","1.37%"
"Apr 06, 2020","57,018.76","56,381.46","58,212.91","56,381.46","-","2.89%"
"Apr 03, 2020","55,414.60","56,156.03","56,290.32","54,478.51","-","-1.39%"
"Apr 02, 2020","56,195.94","56,115.10","56,908.48","55,456.65","-","0.74%"
"Apr 01, 2020","55,784.44","56,660.58","56,660.58","54,973.35","-","-3.24%"
"Mar 31, 2020","57,650.79","57,941.21","59,066.48","56,876.70","-","-0.54%"
"Mar 30, 2020","57,962.12","57,437.71","58,422.05","56,946.49","-","1.86%"
"Mar 27, 2020","56,903.76","57,639.93","58,279.25","56,396.12","-","-3.43%"
"Mar 26, 2020","58,926.21","55,251.34","59,267.18","55,251.34","-","7.36%"
"Mar 25, 2020","54,886.92","53,332.11","55,602.51","52,654.96","-","2.91%"
"Mar 24, 2020","53,336.93","53,664.00","55,069.34","52,862.74","-","3.20%"
"Mar 23, 2020","51,681.65","54,751.20","54,773.74","50,355.13","-","-5.71%"
"Mar 20, 2020","54,810.36","57,919.63","58,757.06","54,172.51","-","-2.02%"
"Mar 19, 2020","55,938.56","54,896.86","57,194.30","53,137.81","-","-0.32%"
"Mar 18, 2020","56,119.21","60,073.86","60,121.55","53,437.57","-","-9.73%"
"Mar 17, 2020","62,166.85","61,316.82","63,543.33","60,435.44","-","3.04%"
"Mar 16, 2020","60,334.51","61,640.66","62,339.79","58,788.81","-","-9.17%"
"Mar 13, 2020","66,426.49","64,198.71","66,739.31","60,644.47","-","8.99%"
"Mar 12, 2020","60,947.95","64,410.35","64,410.35","58,016.70","-","-11.59%"
"Mar 11, 2020","68,939.52","72,035.73","72,421.58","66,100.37","-","-5.38%"
"Mar 10, 2020","72,862.37","72,121.04","73,662.29","70,541.72","-","3.82%"
"Mar 09, 2020","70,181.75","73,307.81","73,307.81","69,647.30","-","-7.98%"
"Mar 06, 2020","76,268.96","77,122.83","77,122.83","74,930.81","-","-3.52%"
"Mar 05, 2020","79,053.16","81,488.73","81,488.73","77,950.48","-","-3.44%"
"Mar 04, 2020","81,871.13","79,474.00","81,914.66","79,474.00","-","4.16%"
"Mar 03, 2020","78,600.38","78,830.23","80,581.71","78,064.02","-","-0.11%"
"Mar 02, 2020","78,686.18","75,589.66","78,686.18","75,589.66","-","4.14%"
"Feb 28, 2020","75,555.55","74,614.58","75,555.55","72,303.15","-","0.87%"
"Feb 27, 2020","74,905.97","75,661.54","76,913.63","74,737.35","-","-1.77%"
"Feb 26, 2020","76,253.27","77,519.24","77,519.24","75,640.92","-","-4.25%"
"Feb 21, 2020","79,639.35","78,810.19","79,639.35","78,414.15","-","0.59%"
"Feb 20, 2020","79,175.28","80,300.04","80,303.38","79,018.11","-","-1.54%"
"Feb 19, 2020","80,409.75","79,980.40","80,648.89","79,824.57","-","0.53%"
"Feb 18, 2020","79,982.06","79,434.31","79,982.06","79,106.23","-","0.44%"
"Feb 17, 2020","79,628.10","78,731.69","79,771.10","78,643.41","-","1.16%"
"Feb 14, 2020","78,712.14","79,148.49","79,248.00","78,220.02","-","-0.34%"
"Feb 13, 2020","78,983.20","78,569.72","79,214.28","78,022.40","-","-0.14%"
"Feb 12, 2020","79,097.71","78,177.90","79,142.15","77,904.54","-","1.33%"
"Feb 11, 2020","78,062.30","76,642.28","78,062.30","76,607.14","-","2.16%"
"Feb 10, 2020","76,414.25","77,651.35","77,773.50","76,078.29","-","-1.67%"
"Feb 07, 2020","77,712.60","78,907.72","79,013.29","77,621.81","-","-1.68%"
"Feb 06, 2020","79,039.54","80,341.76","80,607.34","78,843.37","-","-1.34%"
"Feb 05, 2020","80,112.76","79,986.26","80,472.80","79,804.71","-","0.47%"
"Feb 04, 2020","79,736.10","79,805.02","80,293.19","79,603.19","-","0.56%"
"Feb 03, 2020","79,288.75","78,239.55","79,590.61","78,189.06","-","1.25%"
"Jan 31, 2020","78,308.77","79,183.35","79,183.35","78,179.36","-","-1.37%"
"Jan 30, 2020","79,394.20","79,674.99","79,683.65","78,311.54","-","-1.17%"
"Jan 29, 2020","80,331.76","80,918.99","81,222.27","80,161.60","-","-0.63%"
"Jan 28, 2020","80,840.15","79,590.47","80,965.09","79,426.15","-","1.57%"
"Jan 27, 2020","79,592.60","80,299.52","80,299.52","79,242.57","-","-1.76%"
"Jan 24, 2020","81,022.53","81,134.60","81,209.29","80,552.36","-","-0.04%"
"Jan 23, 2020","81,053.08","80,241.72","81,053.08","79,484.10","-","0.75%"
"Jan 22, 2020","80,446.24","80,111.25","80,683.11","79,871.35","-","0.59%"
"Jan 21, 2020","79,974.75","80,198.87","80,369.79","79,769.61","-","-0.49%"
"Jan 20, 2020","80,372.27","79,953.42","80,427.02","79,662.86","-","0.57%"
"Jan 17, 2020","79,920.64","79,736.36","79,920.64","79,376.73","-","0.47%"
"Jan 16, 2020","79,546.55","79,517.84","79,796.27","79,109.66","-","0.25%"
"Jan 15, 2020","79,348.04","79,313.42","79,556.51","78,862.88","-","-0.05%"
"Jan 14, 2020","79,383.80","79,287.92","79,383.80","78,575.68","-","0.13%"
"Jan 13, 2020","79,280.07","78,695.04","79,340.92","78,695.04","-","0.87%"
"Jan 10, 2020","78,598.22","77,902.45","78,757.26","77,861.99","-","1.11%"
"Jan 09, 2020","77,732.20","77,326.03","77,755.76","76,999.74","-","0.71%"
"Jan 08, 2020","77,182.81","77,121.01","77,196.85","76,251.31","-","0.22%"
"Jan 07, 2020","77,012.13","77,313.45","77,316.50","76,522.12","-","-0.48%"
"Jan 06, 2020","77,381.11","77,157.38","77,515.32","76,430.29","-","0.03%"
"Jan 03, 2020","77,360.30","76,758.19","77,430.64","76,288.10","-","-0.01%"
"Jan 02, 2020","77,369.61","76,818.41","77,369.61","76,550.29","-","0.97%"
"Dec 30, 2019","76,627.21","76,176.35","76,928.06","76,141.82","-","0.53%"
"Dec 27, 2019","76,224.11","76,144.30","76,333.87","75,727.59","-","0.19%"
"Dec 26, 2019","76,076.22","75,578.42","76,141.27","75,344.61","-","0.73%"
"Dec 23, 2019","75,521.52","74,550.49","75,521.52","74,494.74","-","1.37%"
"Dec 20, 2019","74,498.70","74,451.04","74,644.26","74,107.95","-","0.18%"
"Dec 19, 2019","74,366.68","73,373.53","74,410.83","73,115.28","-","1.49%"
"Dec 18, 2019","73,278.29","72,638.39","73,278.29","72,233.13","-","0.90%"
"Dec 17, 2019","72,621.72","72,885.57","73,117.91","72,203.12","-","-0.21%"
"Dec 16, 2019","72,777.62","72,691.62","73,076.24","72,610.15","-","0.14%"
"Dec 13, 2019","72,677.11","71,988.27","72,677.11","71,954.97","-","1.06%"
"Dec 12, 2019","71,917.12","71,819.34","72,000.77","71,637.45","-","0.21%"
"Dec 11, 2019","71,763.29","71,190.25","71,763.29","71,114.24","-","0.88%"
"Dec 10, 2019","71,139.24","71,042.02","71,139.24","70,777.02","-","0.08%"
"Dec 09, 2019","71,084.66","70,922.58","71,111.12","70,643.87","-","0.48%"
"Dec 06, 2019","70,743.62","70,546.02","70,857.67","70,398.36","-","0.36%"
"Dec 05, 2019","70,491.36","69,996.06","70,534.54","69,906.82","-","0.78%"
"Dec 04, 2019","69,944.82","69,737.76","70,104.74","69,737.76","-","0.48%"
"Dec 03, 2019","69,608.21","69,388.25","69,703.72","68,980.45","-","0.46%"
"Dec 02, 2019","69,292.74","69,560.50","69,797.57","69,197.53","-","-0.15%"
"Nov 29, 2019","69,397.56","68,824.83","69,397.56","68,821.87","-","0.76%"
"Nov 28, 2019","68,875.26","68,485.36","68,898.43","68,171.21","-","0.59%"
"Nov 27, 2019","68,471.09","68,336.64","68,568.09","67,772.78","-","0.41%"
"Nov 26, 2019","68,190.50","68,494.68","68,494.68","67,601.53","-","-0.49%"
"Nov 25, 2019","68,529.26","68,975.70","69,047.53","68,277.78","-","-0.46%"
"Nov 22, 2019","68,847.60","68,290.11","68,847.60","68,255.01","-","0.87%"
"Nov 21, 2019","68,256.53","67,598.07","68,256.53","67,571.80","-","1.02%"
"Nov 19, 2019","67,568.37","67,945.78","68,164.29","67,417.51","-","-0.42%"
"Nov 18, 2019","67,853.21","68,044.23","68,302.97","67,744.52","-","-0.08%"
"Nov 14, 2019","67,908.40","67,473.47","67,962.62","67,259.11","-","0.90%"
"Nov 13, 2019","67,303.34","67,670.64","67,814.90","67,133.13","-","-0.60%"
"Nov 12, 2019","67,707.10","68,402.17","68,402.17","67,391.62","-","-1.00%"
"Nov 11, 2019","68,389.47","68,395.03","68,396.93","67,751.23","-","-0.04%"
"Nov 08, 2019","68,415.09","68,761.33","68,761.33","67,951.27","-","-0.72%"
"Nov 07, 2019","68,913.09","68,421.93","69,012.68","68,370.69","-","0.89%"
"Nov 06, 2019","68,307.39","68,142.99","68,332.54","67,718.01","-","0.47%"
"Nov 05, 2019","67,986.97","68,526.54","68,676.71","67,658.96","-","-0.61%"
"Nov 04, 2019","68,403.24","68,410.64","68,647.32","67,935.73","-","0.21%"
"Nov 01, 2019","68,256.96","68,096.03","68,392.65","67,979.88","-","0.45%"
"Oct 31, 2019","67,949.19","67,180.12","67,949.19","66,974.86","-","1.08%"
"Oct 30, 2019","67,224.23","65,985.02","67,225.93","65,852.65","-","1.85%"
"Oct 29, 2019","66,004.77","65,724.88","66,216.51","65,635.46","-","0.48%"
"Oct 28, 2019","65,691.41","65,368.76","65,816.64","65,099.49","-","0.64%"
"Oct 25, 2019","65,270.99","65,850.55","65,850.55","65,044.48","-","-0.75%"
"Oct 24, 2019","65,763.63","66,052.87","66,111.20","65,358.91","-","-0.42%"
"Oct 23, 2019","66,040.71","66,252.72","66,458.17","65,619.73","-","-0.16%"
"Oct 22, 2019","66,143.55","66,267.35","66,540.17","65,942.28","-","-0.18%"
"Oct 21, 2019","66,261.27","65,816.67","66,266.72","65,578.74","-","0.81%"
"Oct 18, 2019","65,726.61","65,351.33","65,735.05","65,273.68","-","0.62%"
"Oct 17, 2019","65,318.85","65,386.86","65,409.34","65,043.79","-","-0.07%"
"Oct 16, 2019","65,367.17","65,383.41","65,524.97","64,373.69","-","0.06%"
"Oct 15, 2019","65,328.76","66,335.40","66,622.44","65,269.91","-","-1.52%"
"Oct 14, 2019","66,339.83","66,568.72","66,601.33","66,183.04","-","-0.16%"
"Oct 11, 2019","66,448.69","66,330.16","66,676.03","66,142.18","-","0.27%"
"Oct 10, 2019","66,266.97","66,362.88","66,478.57","66,220.98","-","-0.17%"
"Oct 09, 2019","66,377.61","66,352.47","66,575.51","66,050.52","-","0.37%"
"Oct 08, 2019","66,130.96","66,503.06","66,742.64","66,004.99","-","-0.48%"
"Oct 07, 2019","66,446.66","67,562.24","67,577.68","66,435.17","-","-1.78%"
"Oct 04, 2019","67,654.10","67,333.88","67,690.85","67,008.77","-","0.59%"
"Oct 03, 2019","67,255.43","67,077.07","67,255.43","66,503.93","-","0.33%"
"Oct 02, 2019","67,034.70","67,736.85","67,736.85","66,830.96","-","-1.26%"
"Oct 01, 2019","67,891.72","68,129.29","68,129.29","67,440.12","-","-0.34%"
"Sep 30, 2019","68,121.98","67,431.62","68,153.61","67,409.71","-","1.10%"
"Sep 27, 2019","67,378.78","67,474.06","67,644.36","67,159.82","-","-0.15%"
"Sep 26, 2019","67,479.23","67,002.29","67,504.84","66,996.24","-","0.63%"
"Sep 25, 2019","67,054.41","67,501.82","67,514.20","66,669.13","-","-0.82%"
"Sep 24, 2019","67,605.44","68,236.86","68,338.58","67,481.96","-","-0.66%"
"Sep 23, 2019","68,053.07","68,202.70","68,291.58","67,735.62","-","-0.35%"
"Sep 20, 2019","68,291.56","69,197.62","69,197.62","68,255.06","-","-1.01%"
"Sep 19, 2019","68,991.50","68,442.50","69,308.90","68,442.50","-","1.05%"
"Sep 18, 2019","68,272.48","68,215.88","68,351.06","67,892.74","-","0.04%"
"Sep 17, 2019","68,248.49","67,621.03","68,248.49","67,408.07","-","0.87%"
"Sep 16, 2019","67,658.48","67,826.43","68,126.30","67,282.54","-","-0.25%"
"Sep 13, 2019","67,829.85","68,392.21","68,426.17","67,692.73","-","-0.71%"
"Sep 12, 2019","68,315.66","67,995.05","68,345.87","67,863.91","-","0.73%"
"Sep 11, 2019","67,819.51","66,801.38","67,821.56","66,742.64","-","1.98%"
"Sep 10, 2019","66,501.18","66,495.79","66,501.55","65,969.98","-","0.04%"
"Sep 09, 2019","66,476.65","67,793.90","67,898.98","66,464.34","-","-1.69%"
"Sep 06, 2019","67,621.86","68,256.27","68,298.79","67,369.39","-","-0.60%"
"Sep 05, 2019","68,031.94","68,042.44","68,306.34","67,999.74","-","0.05%"
"Sep 04, 2019","67,997.78","67,821.71","68,045.56","67,346.65","-","0.77%"
"Sep 03, 2019","67,480.98","68,315.86","68,550.88","67,342.02","-","-1.28%"
"Sep 02, 2019","68,355.10","67,900.36","68,577.31","67,900.36","-","0.73%"
"Aug 30, 2019","67,856.73","67,200.67","67,866.80","67,180.44","-","1.39%"
"Aug 29, 2019","66,928.46","66,338.38","67,062.14","66,201.27","-","1.00%"
"Aug 28, 2019","66,264.27","65,718.44","66,277.24","65,382.37","-","0.57%"
"Aug 27, 2019","65,891.87","65,909.87","66,177.76","65,261.61","-","0.15%"
"Aug 26, 2019","65,793.05","66,428.46","66,556.24","65,588.25","-","-0.55%"
"Aug 23, 2019","66,156.84","66,825.50","67,122.66","65,777.34","-","-1.47%"
"Aug 22, 2019","67,146.95","67,387.60","67,424.50","66,829.75","-","-0.30%"
"Aug 21, 2019","67,345.85","66,129.15","67,411.12","65,766.06","-","2.12%"
"Aug 20, 2019","65,950.05","66,611.85","66,611.85","65,483.94","-","-0.99%"
"Aug 19, 2019","66,611.32","66,979.62","67,285.65","66,383.90","-","-0.20%"
"Aug 16, 2019","66,746.77","66,455.00","66,804.87","65,910.44","-","1.03%"
"Aug 15, 2019","66,068.00","67,145.34","67,389.00","65,540.07","-","-1.45%"
"Aug 14, 2019","67,039.74","68,271.53","68,326.20","66,965.29","-","-2.27%"
"Aug 13, 2019","68,596.10","67,908.79","68,602.11","67,384.97","-","1.02%"
"Aug 12, 2019","67,905.70","68,265.70","68,265.70","67,441.56","-","-0.88%"
"Aug 09, 2019","68,509.29","68,059.23","68,590.88","67,934.69","-","0.72%"
"Aug 08, 2019","68,019.24","67,507.32","68,231.21","67,424.51","-","0.96%"
"Aug 07, 2019","67,370.48","67,351.64","67,373.75","66,459.45","-","-0.12%"
"Aug 06, 2019","67,453.82","66,113.92","67,479.12","66,113.92","-","1.94%"
"Aug 05, 2019","66,171.15","67,015.57","67,015.57","65,952.61","-","-1.58%"
"Aug 02, 2019","67,230.81","67,325.95","67,505.04","66,704.19","-","-0.06%"
"Aug 01, 2019","67,271.26","66,388.96","67,757.66","66,388.96","-","1.49%"
"Jul 31, 2019","66,282.51","66,282.34","66,406.50","65,790.78","-","0.08%"
"Jul 30, 2019","66,226.95","65,658.08","66,229.96","65,533.54","-","0.94%"
"Jul 29, 2019","65,608.07","65,458.78","65,623.02","64,975.88","-","0.42%"
"Jul 26, 2019","65,330.50","65,368.66","65,628.10","65,234.40","-","0.11%"
"Jul 25, 2019","65,258.28","66,444.82","66,447.61","65,151.29","-","-1.53%"
"Jul 24, 2019","66,271.45","66,539.55","66,602.93","65,970.65","-","-0.28%"
"Jul 23, 2019","66,460.72","66,532.61","66,637.00","66,260.28","-","0.07%"
"Jul 22, 2019","66,414.78","66,461.39","66,560.37","66,142.43","-","0.14%"
"Jul 19, 2019","66,324.73","66,759.95","66,806.30","66,122.58","-","-0.61%"
"Jul 18, 2019","66,732.45","66,679.00","66,800.64","66,416.89","-","0.37%"
"Jul 17, 2019","66,485.47","66,348.63","66,606.65","66,268.43","-","0.37%"
"Jul 16, 2019","66,239.06","66,201.85","66,286.04","65,900.18","-","0.22%"
"Jul 15, 2019","66,096.93","66,758.47","66,845.95","65,997.80","-","-0.86%"
"Jul 12, 2019","66,667.92","67,198.65","67,293.40","66,454.23","-","-0.62%"
"Jul 11, 2019","67,085.98","66,692.37","67,085.98","66,486.36","-","0.61%"
"Jul 10, 2019","66,682.51","66,077.40","66,735.30","66,077.40","-","1.38%"
"Jul 08, 2019","65,776.71","65,226.28","65,858.29","65,158.59","-","0.94%"
"Jul 05, 2019","65,164.86","65,056.44","65,168.45","64,592.52","-","0.23%"
"Jul 04, 2019","65,014.18","64,536.22","65,115.18","64,513.08","-","1.02%"
"Jul 03, 2019","64,360.56","63,489.58","64,393.40","63,217.35","-","1.35%"
"Jul 02, 2019","63,502.67","64,082.52","64,136.88","63,268.88","-","-0.71%"
"Jul 01, 2019","63,956.11","64,070.28","64,246.00","63,760.93","-","0.20%"
"Jun 28, 2019","63,830.97","63,268.40","64,056.83","63,268.40","-","1.23%"
"Jun 27, 2019","63,053.12","61,254.75","63,053.12","60,841.15","-","2.75%"
"Jun 26, 2019","61,366.59","61,500.86","61,717.01","61,142.67","-","0.08%"
"Jun 25, 2019","61,316.48","62,091.86","62,288.17","61,138.19","-","-1.32%"
"Jun 24, 2019","62,138.19","62,342.56","62,677.04","61,750.91","-","-0.12%"
"Jun 21, 2019","62,210.60","62,440.66","62,551.39","62,057.54","-","0.01%"
"Jun 19, 2019","62,202.96","61,746.01","62,202.96","61,488.47","-","0.81%"
"Jun 18, 2019","61,700.70","61,635.98","61,969.61","61,518.17","-","0.47%"
"Jun 17, 2019","61,413.16","61,307.20","61,580.05","61,278.92","-","-0.01%"
"Jun 14, 2019","61,417.69","61,751.63","61,981.95","61,417.69","-","-0.43%"
"Jun 13, 2019","61,681.22","61,239.27","61,773.57","61,239.27","-","1.01%"
"Jun 12, 2019","61,066.82","61,517.34","61,612.20","60,974.53","-","-0.72%"
"Jun 11, 2019","61,507.37","61,384.56","61,524.09","61,075.68","-","0.29%"
"Jun 10, 2019","61,329.26","61,850.21","61,850.21","61,246.48","-","-1.05%"
"Jun 07, 2019","61,982.69","62,022.56","62,346.56","61,823.89","-","0.12%"
"Jun 06, 2019","61,906.25","61,742.42","61,946.40","61,659.62","-","0.54%"
"Jun 05, 2019","61,571.73","61,613.77","61,902.20","61,405.11","-","-0.01%"
"Jun 04, 2019","61,580.42","62,146.98","62,221.49","61,233.29","-","-0.58%"
"Jun 03, 2019","61,941.15","62,160.52","62,385.19","61,693.61","-","-0.02%"
"May 31, 2019","61,954.74","60,207.70","61,959.07","60,165.44","-","2.69%"
"May 30, 2019","60,330.17","59,518.26","60,524.59","59,501.23","-","1.41%"
"May 29, 2019","59,491.82","59,291.18","59,748.73","59,281.42","-","0.28%"
"May 28, 2019","59,326.71","58,678.97","59,326.71","58,434.22","-","1.37%"
"May 27, 2019","58,524.74","58,506.67","58,849.03","58,443.95","-","0.46%"
"May 24, 2019","58,257.93","58,632.08","58,712.24","58,143.15","-","-0.49%"
"May 23, 2019","58,546.25","58,759.84","58,861.07","58,383.84","-","-0.44%"
"May 22, 2019","58,807.84","58,560.75","58,977.53","58,447.85","-","0.67%"
"May 21, 2019","58,416.12","57,446.02","58,437.63","57,446.02","-","1.93%"
"May 20, 2019","57,310.75","56,415.62","57,338.66","56,375.65","-","1.68%"
"May 17, 2019","56,362.14","56,870.38","57,206.97","56,249.16","-","-1.06%"
"May 16, 2019","56,965.89","57,796.67","57,803.73","56,936.31","-","-1.45%"
"May 15, 2019","57,805.86","57,781.21","57,939.93","57,054.59","-","-0.41%"
"May 14, 2019","58,046.07","57,926.36","58,131.93","57,606.70","-","0.57%"
"May 13, 2019","57,716.10","58,607.00","58,607.00","57,602.06","-","-1.79%"
"May 10, 2019","58,766.59","58,776.34","58,857.09","58,427.41","-","-0.01%"
"May 09, 2019","58,775.36","58,912.20","59,051.24","58,576.66","-","-0.34%"
"May 08, 2019","58,977.83","58,717.92","59,229.70","58,717.92","-","0.52%"
"May 07, 2019","58,670.54","58,554.01","58,724.80","58,302.51","-","0.01%"
"May 06, 2019","58,665.43","58,242.93","58,668.04","57,920.05","-","0.15%"
"May 03, 2019","58,578.61","58,919.08","59,070.45","58,544.99","-","-0.25%"
"May 02, 2019","58,722.86","58,627.78","58,765.42","58,272.20","-","-0.02%"
"Apr 30, 2019","58,734.74","58,494.91","58,734.74","58,017.75","-","0.65%"
"Apr 29, 2019","58,355.74","58,256.21","58,508.19","58,028.28","-","0.33%"
"Apr 26, 2019","58,161.63","58,127.66","58,326.69","57,934.00","-","0.19%"
"Apr 25, 2019","58,051.53","57,597.46","58,178.00","57,505.60","-","0.85%"
"Apr 24, 2019","57,561.44","58,134.89","58,146.47","57,241.53","-","-0.96%"
"Apr 23, 2019","58,118.42","57,621.83","58,125.01","57,481.88","-","1.18%"
"Apr 22, 2019","57,440.66","57,143.46","57,533.69","56,964.46","-","0.53%"
"Apr 18, 2019","57,136.95","56,524.00","57,304.86","56,448.65","-","1.31%"
"Apr 17, 2019","56,396.64","56,731.74","56,871.84","55,925.02","-","-0.30%"
"Apr 16, 2019","56,564.10","56,421.02","56,860.66","56,288.42","-","0.33%"
"Apr 15, 2019","56,377.12","56,258.13","56,591.85","56,167.29","-","0.54%"
"Apr 12, 2019","56,073.25","56,707.25","56,853.46","55,898.67","-","-1.47%"
"Apr 11, 2019","56,907.13","57,557.55","57,557.55","56,783.29","-","-1.41%"
"Apr 10, 2019","57,719.07","57,939.80","58,138.37","57,538.70","-","-0.17%"
"Apr 09, 2019","57,818.60","58,340.82","58,340.82","57,559.07","-","-1.14%"
"Apr 08, 2019","58,483.54","58,678.44","58,976.54","58,353.90","-","0.15%"
"Apr 05, 2019","58,395.16","57,883.85","58,569.42","57,868.47","-","1.10%"
"Apr 04, 2019","57,761.94","57,658.14","58,025.35","57,548.55","-","0.53%"
"Apr 03, 2019","57,456.81","57,796.15","58,103.66","57,314.58","-","-0.36%"
"Apr 02, 2019","57,663.80","58,086.00","58,211.51","57,578.05","-","-0.51%"
"Apr 01, 2019","57,960.03","57,548.53","58,117.33","57,492.19","-","0.89%"
"Mar 29, 2019","57,449.26","57,320.02","57,837.47","57,160.52","-","0.66%"
"Mar 28, 2019","57,072.40","55,928.99","57,249.35","55,823.81","-","1.95%"
"Mar 27, 2019","55,980.90","57,599.14","57,599.14","55,956.09","-","-3.23%"
"Mar 26, 2019","57,850.01","57,270.97","57,850.01","57,098.02","-","1.36%"
"Mar 25, 2019","57,072.45","56,566.58","57,452.52","56,467.44","-","1.14%"
"Mar 22, 2019","56,429.31","55,710.79","56,749.93","55,237.65","-","0.62%"
"Mar 21, 2019","56,083.38","56,876.31","56,933.00","55,611.67","-","-1.18%"
"Mar 20, 2019","56,755.22","57,719.60","57,728.60","56,755.22","-","-1.50%"
"Mar 19, 2019","57,620.53","57,770.35","57,860.43","57,455.20","-","-0.15%"
"Mar 18, 2019","57,709.08","57,471.62","57,726.22","57,429.84","-","0.66%"
"Mar 15, 2019","57,328.06","57,177.48","57,835.31","57,177.48","-","0.39%"
"Mar 14, 2019","57,105.75","57,094.47","57,388.87","56,973.47","-","0.01%"
"Mar 13, 2019","57,100.22","56,386.02","57,121.48","56,200.69","-","1.26%"
"Mar 12, 2019","56,391.05","55,932.01","56,489.21","55,724.34","-","0.82%"
"Mar 11, 2019","55,933.55","55,631.93","56,152.26","55,631.93","-","0.63%"
"Mar 08, 2019","55,585.23","54,426.96","55,714.58","54,386.79","-","1.80%"
"Mar 07, 2019","54,599.73","55,090.26","55,096.53","54,481.48","-","-0.81%"
"Mar 06, 2019","55,045.99","55,459.76","55,515.18","54,822.58","-","-0.64%"
"Mar 01, 2019","55,399.41","56,012.69","56,127.36","55,142.37","-","-0.76%"
"Feb 28, 2019","55,826.45","56,260.51","56,355.48","55,705.04","-","-0.67%"
"Feb 27, 2019","56,201.54","55,373.70","56,314.92","55,153.58","-","1.53%"
"Feb 26, 2019","55,352.03","55,492.11","55,546.29","55,144.67","-","-0.27%"
"Feb 25, 2019","55,503.58","55,529.06","55,622.06","55,303.39","-","0.15%"
"Feb 22, 2019","55,422.26","55,268.61","55,533.98","54,903.70","-","0.58%"
"Feb 21, 2019","55,102.76","55,261.74","55,303.61","54,582.42","-","-0.02%"
"Feb 20, 2019","55,113.20","55,646.26","55,818.53","55,080.02","-","-0.81%"
"Feb 19, 2019","55,562.44","55,160.01","55,730.63","55,045.15","-","0.87%"
"Feb 18, 2019","55,084.38","55,313.45","55,376.84","54,769.86","-","-0.40%"
"Feb 15, 2019","55,303.33","55,398.62","55,714.12","55,200.39","-","-0.21%"
"Feb 14, 2019","55,420.73","54,990.72","55,505.85","54,495.08","-","0.96%"
"Feb 13, 2019","54,894.69","54,979.16","55,167.93","54,743.59","-","0.12%"
"Feb 12, 2019","54,831.32","54,778.92","54,929.69","54,405.15","-","0.39%"
"Feb 11, 2019","54,617.51","54,943.90","55,131.75","54,204.99","-","-0.49%"
"Feb 08, 2019","54,886.60","54,502.21","54,907.89","54,347.52","-","0.60%"
"Feb 07, 2019","54,559.86","54,766.33","55,192.48","54,336.60","-","-0.36%"
"Feb 06, 2019","54,756.47","55,713.12","55,713.45","54,751.26","-","-1.95%"
"Feb 05, 2019","55,845.56","55,772.37","55,951.70","55,536.19","-","0.11%"
"Feb 04, 2019","55,785.14","55,893.82","55,931.64","55,588.18","-","-0.07%"
"Feb 01, 2019","55,826.64","55,779.11","55,954.59","55,673.92","-","0.06%"
"Jan 31, 2019","55,793.07","55,768.38","56,156.87","55,634.06","-","0.29%"
"Jan 30, 2019","55,633.65","55,390.75","55,720.62","55,113.07","-","0.63%"
"Jan 29, 2019","55,285.32","55,124.02","55,593.43","55,124.02","-","0.49%"
"Jan 28, 2019","55,015.38","54,540.16","55,075.91","54,313.06","-","0.58%"
"Jan 24, 2019","54,696.70","53,959.08","54,696.70","53,959.08","-","1.65%"
"Jan 23, 2019","53,811.43","53,345.38","53,817.47","53,345.38","-","1.22%"
"Jan 22, 2019","53,161.86","53,277.16","53,578.80","53,026.50","-","-0.10%"
"Jan 21, 2019","53,213.35","52,916.78","53,271.33","52,603.92","-","0.65%"
"Jan 18, 2019","52,869.51","52,725.03","53,118.43","52,718.91","-","0.65%"
"Jan 17, 2019","52,529.98","51,926.90","52,619.44","51,891.77","-","1.17%"
"Jan 16, 2019","51,921.18","52,153.18","52,168.76","51,717.94","-","-0.37%"
"Jan 15, 2019","52,115.12","52,475.04","52,559.61","52,064.95","-","-0.51%"
"Jan 14, 2019","52,382.16","52,183.26","52,691.46","52,142.49","-","0.45%"
"Jan 11, 2019","52,145.57","51,954.40","52,346.55","51,941.14","-","0.29%"
"Jan 10, 2019","51,995.60","51,573.87","52,029.15","51,539.65","-","0.69%"
"Jan 09, 2019","51,641.53","51,445.55","51,682.77","51,391.63","-","0.69%"
"Jan 08, 2019","51,287.30","51,346.49","51,441.11","51,084.67","-","0.09%"
"Jan 07, 2019","51,243.72","51,628.89","51,721.00","50,964.63","-","-0.72%"
"Jan 04, 2019","51,614.40","51,435.07","52,071.56","51,339.93","-","0.54%"
"Jan 03, 2019","51,335.51","50,742.99","51,411.20","50,736.76","-","1.25%"
"Jan 02, 2019","50,699.36","49,285.56","50,743.58","49,249.03","-","2.91%"