ano,code_muni,total_pop,index_pop,total_domi,index_domi,total_jobs,index_jobs
2000,1100205,334661,100,83744,100,77113,100
2000,1302603,1405835,100,326837,100,226503,100
2000,1200401,253059,100,64010,100,53749,100
2000,5002704,663621,100,185559,100,152114,100
2000,1600303,283308,100,60369,100,41033,100
2000,5300108,2051146,100,547465,100,812361,100
2000,1400100,200568,100,48715,100,22541,100
2000,5103403,483346,100,126912,100,119749,100
2000,1721000,137355,100,35097,100,51817,100
2000,3550308,10435546,100,2984416,100,3212039,100
2000,2211001,715360,100,169750,100,124382,100
2000,3304557,5857904,100,1801863,100,1732918,100
2000,1501402,1280614,100,296195,100,261569,100
2000,5208707,1093007,100,313633,100,325547,100
2000,2927408,2443107,100,651008,100,578657,100
2000,4205407,342315,100,103837,100,167647,100
2000,2111300,870028,100,202144,100,172478,100
2000,2704302,797759,100,199708,100,136706,100
2000,4314902,1360590,100,440365,100,552141,100
2000,4106902,1587315,100,470964,100,568581,100
2000,3106200,2238526,100,628334,100,916238,100
2000,2304400,2141402,100,525991,100,413938,100
2000,2611606,1422905,100,375857,100,453568,100
2000,2507507,597934,100,151729,100,170410,100
2000,2800308,461534,100,116632,100,130268,100
2000,2408102,712317,100,177665,100,179137,100
2000,3205309,292304,100,85514,100,149116,100
2001,1100205,342264,102.27185121660428,88167.11946810724,105.28171506986439,72179,93.60159765538884
2001,1302603,1451958,103.28082598597985,338989.6961146351,103.71827428186988,241236,106.50454960861447
2001,1200401,261430,103.30792423901146,65903.67509051261,102.9584050781325,56012,104.21031088950492
2001,5002704,679281,102.35978065793579,192857.3238815733,103.9331554285016,157253,103.37838726218493
2001,1600303,295898,104.44392675109775,71029.37102629787,117.65868413639097,39430,96.09338824848292
2001,5300108,2097447,102.25732346697896,558587.6116835008,102.03165712575249,781380,96.18630141033358
2001,1400100,208514,103.9617486338798,53722.57620663622,110.27933122577487,26133,115.93540659243158
2001,5103403,492894,101.97539650685017,137789.2010830915,108.57066399008093,120489,100.61795923139233
2001,1721000,150884,109.84965964107604,38184.121654160124,108.79597018024367,57782,111.51166605554161
2001,3550308,10499133,100.60933083903802,3035288.442100942,101.7046029139685,3212022,99.99947074117095
2001,2211001,728881,101.89009729367031,175006.9,103.09684830633283,154949,124.57509929089419
2001,3304557,5897485,100.67568536459457,1818297.162948758,100.91206506536612,1744191,100.65052125951719
2001,1501402,1304314,101.85067475445373,305643.1353718909,103.18983621326858,265545,101.52005780501511
2001,5208707,1111622,101.70309979716508,332084.7881614677,105.88324192972924,349436,107.33811093329074
2001,2927408,2485702,101.74347664674532,683186.8337237143,104.94292446847264,544568,94.108945368327
2001,4205407,352401,102.94640900924588,108435.59038718362,104.42866260310257,171380,102.2267025356851
2001,2111300,889129,102.19544658332835,215900.06717591552,106.80508309715624,179301,103.95586683519058
2001,2704302,817444,102.46753718854941,204170.95272037535,102.23473907924337,141214,103.29758752359078
2001,4314902,1373313,100.93510903358103,460155.63418179366,104.49414330879922,560680,101.54652525351315
2001,4106902,1620219,102.0729344837036,487721.0370568087,103.55802928818522,572772,100.73709814432772
2001,3106200,2258857,100.9082315773862,656493.7686236424,104.48165603383588,896256,97.81912559837073
2001,2304400,2183612,101.97113853447415,544974.0364806323,103.60900404771797,422344,102.03073890292748
2001,2611606,1437190,101.0039320966614,385320.64819767594,102.51788531214689,429919,94.7860078312403
2001,2507507,607441,101.5899748132737,158539.8905715284,104.48885221119785,182316,106.9866791854938
2001,2800308,468297,101.46533083153138,121157.36740700621,103.88003927481842,133097,102.17167685079988
2001,2408102,722144,101.37958240502473,194558.13140566915,109.50841831855973,184548,103.02059317728889
2001,3205309,296012,101.2685423394822,91380.91562214446,106.8607662162271,157922,105.90546956731673
2002,1100205,347844,103.93921012606788,90365.61186353081,107.90696869451043,86544,112.23010387353625
2002,1302603,1488805,105.90183058467034,345991.8532306142,105.86067465758595,260690,115.09339832143503
2002,1200401,267740,105.8014138995254,68069.79507720716,106.34243880207337,57993,107.89596085508568
2002,5002704,692549,104.35911461511918,196902.3236376594,106.11305495161076,170479,112.07318195563853
2002,1600303,306583,108.21544043938047,74582.82803506384,123.54491218185466,48426,118.01720566373406
2002,5300108,2145839,104.61658994532812,572638.3601559452,104.59816794789533,813591,100.1514105182302
2002,1400100,214541,106.96671453073272,55643.59693618123,114.22271771770755,27561,122.27052925779691
2002,5103403,500288,103.50514952021948,141582.32750955177,111.55944868062262,132274,110.45937753133639
2002,1721000,161137,117.3142586727822,40934.87445905933,116.63354263629178,65193,125.81392207190692
2002,3550308,10600060,101.57647716755788,3082691.287443554,103.29294868555705,3360921,104.63512429332272
2002,2211001,740016,103.44665622903153,180263.8,106.19369661266569,167932,135.01310479008217
2002,3304557,5937253,101.35456299727683,1838711.7268782053,102.04503488213061,1793798,103.51314949697563
2002,1501402,1322683,103.28506482046893,310206.91609922156,104.73063897068538,278447,106.45259950529307
2002,5208707,1129274,103.31809402867502,341697.9239829767,108.94833259987841,370431,113.78725652517147
2002,2927408,2520504,103.16797422298735,697287.5241662199,107.10890252749887,554971,95.90672885664566
2002,4205407,360601,105.34186348830757,110987.86652567278,106.88662666070165,179146,106.85905503826491
2002,2111300,906567,104.1997498931069,223222.85775954445,110.42764453040628,176170,102.14056285439301
2002,2704302,833261,104.45021616804073,209337.43283368502,104.82175618086657,148256,108.44878790982106
2002,4314902,1383454,101.6804474529432,466932.93038974045,106.03316121620483,553308,100.21135905502399
2002,4106902,1644600,103.60892450458795,496537.8281077344,105.43010253601854,585972,103.05866710284022
2002,3106200,2284468,102.05233265103912,667141.6880988417,106.17628333001903,927121,101.18779181828302
2002,2304400,2219837,103.66278727674674,555898.317445176,105.68589908290748,440636,106.44975817634526
2002,2611606,1449135,101.84341189327468,390749.63906496216,103.9623152063051,437873,96.53965888246084
2002,2507507,619049,103.53132619988159,164288.93016551033,108.27787052278097,183289,107.55765506719088
2002,2800308,473991,102.69904275741332,125867.36800523134,107.91838260960229,143951,110.50373077041175
2002,2408102,734505,103.11490530199336,200189.17520755884,112.67789109141297,150339,83.92403579383377
2002,3205309,299357,102.41289889977558,93793.1843385101,109.6816712333771,169233,113.490839346549
2003,1100205,353961,105.76702991982931,92986.99924093777,111.03720772943468,90189,116.95693333160426
2003,1302603,1527314,108.64105673852194,354731.4023955526,108.53465256245546,282703,124.81203339470117
2003,1200401,274555,108.49446176583326,70499.83686647273,110.13878591856387,57061,106.16197510651362
2003,5002704,705975,106.38225734266999,201807.9876440437,108.75677689793741,169457,111.40131743297789
2003,1600303,318761,112.51394242308723,78136.28504382979,129.4311402273183,53959,131.50147442302537
2003,5300108,2189789,106.75929456021171,589480.4098142337,107.67453806439381,810122,99.72438361762812
2003,1400100,221027,110.20053049339876,57711.00267498198,118.46659689003793,26568,117.86522337074663
2003,5103403,508156,105.13296892909014,145375.45393601208,114.54823337116433,136029,113.59510309063123
2003,1721000,172176,125.35109752102215,43908.29578942568,125.10555258120546,73702,142.23517378466525
2003,3550308,10677019,102.31394696549658,3133433.6761990422,104.9931938509592,3361671,104.65847394754546
2003,2211001,751464,105.04696935808543,185520.7,109.29054491899855,171492,137.8752552620154
2003,3304557,5974081,101.98325203007765,1863107.1611748536,103.3989355003601,1769158,102.09127033131399
2003,1501402,1342202,104.80925556022345,315545.00211709924,106.53285913573802,275925,105.48841797001938
2003,5208707,1146106,104.85806586783066,351584.7714131259,112.10069457395298,378494,116.26401103373706
2003,2927408,2556429,104.63843785802258,713278.5986711076,109.56525859453457,565376,97.70485797285784
2003,4205407,369102,107.82524867446651,114077.36771921886,109.86196415460661,182630,108.93723120604604
2003,2111300,923526,106.14899750352862,230545.64834317338,114.0502059636563,161147,93.43046649427752
2003,2704302,849734,106.51512549529369,215190.17150754735,107.7524042639991,144397,105.62594180211549
2003,4314902,1394085,102.46179966044141,473829.1502705688,107.59918482862372,558883,101.22106490914457
2003,4106902,1671194,105.28433234739167,505817.6320990167,107.40048753174693,583094,102.55249471931
2003,3106200,2305812,103.00581722079617,678537.9090919371,107.99000357961484,940846,102.68576505231172
2003,2304400,2256233,105.36242144165364,569261.6567707568,108.22650136043333,445716,107.6769951055472
2003,2611606,1461320,102.69975859245699,397456.6170091753,105.74676459642238,432185,95.28560215888247
2003,2507507,628838,105.16846340900501,170127.8881963223,112.12615135954387,184853,108.4754415820668
2003,2800308,479767,103.95052152170805,130756.93373071776,112.11068465834228,146361,112.35376301163755
2003,2408102,744794,104.55934647074265,205820.21900944857,115.84736386426621,204590,114.20867827417005
2003,3205309,302633,103.53364989873558,96205.45305487572,112.50257625052707,169165,113.44523726494809
2004,1100205,380884,113.811887253071,96023.01262768795,114.66255806707102,101520,131.65095379507994
2004,1302603,1592555,113.28178626937016,365184.5128966596,111.73291668221763,326117,143.97910844447978
2004,1200401,286082,113.04952599986564,73185.27736469834,114.33413117434516,61146,113.76211650449311
2004,5002704,734164,110.63001321537445,207498.12245284943,111.82325969252335,179488,117.99571374101004
2004,1600303,326466,115.23359735694014,81689.74205259576,135.31736827278198,60123,146.5235298418346
2004,5300108,2282049,111.25726788829269,608976.9250556771,111.23577307328816,854463,105.18267125083554
2004,1400100,236319,117.82487734833073,59921.42757511939,123.0040594788451,21759,96.53076615944279
2004,5103403,524666,108.54874148125772,149168.58036247236,117.53701806170605,157616,131.62197596639638
2004,1721000,187639,136.60878744858215,47074.2979616355,134.12627279150783,79343,153.1215624215991
2004,3550308,10838581,103.8621362025523,3187531.688260835,106.8058772054846,3499636,108.95372067400177
2004,2211001,775477,108.4037407738761,190777.6,112.38739322533138,181883,146.22935794568346
2004,3304557,6051399,103.30314392315067,1891483.9352252143,104.97379297012117,1824854,105.30527122460498
2004,1501402,1386482,108.26697193689903,321604.29623167665,108.5785702769043,286530,109.54279750276217
2004,5208707,1181438,108.0906160710773,361740.61652211857,115.33882484372452,394325,121.12690333500231
2004,2927408,2631831,107.72475376641302,731064.154768241,112.29726128837756,588863,101.76373914080361
2004,4205407,386913,113.02835108014548,117650.93500307154,113.30348045790184,196583,117.26007623160571
2004,2111300,959124,110.24058995802434,237868.4389268023,117.67276739690631,169947,98.53256647224573
2004,2704302,884320,110.85052001920378,221711.8999095807,111.0180362877705,163624,119.69043055900985
2004,4314902,1416363,104.09917756267501,480851.91724184825,109.19394530488304,576272,104.3704416082124
2004,4106902,1727010,108.80071063399515,515557.85861037136,109.46863425025508,633869,111.48262076995185
2004,3106200,2350564,105.00498989066914,690676.3627157066,109.92185091300273,997273,108.8443177427699
2004,2304400,2332657,108.93129828028553,584836.2666561597,111.18750447368105,463172,111.89405176620653
2004,2611606,1486869,104.495310649692,405379.6693134135,107.85476106961252,456106,100.55956328488782
2004,2507507,649410,108.60897691049513,176051.90332301427,116.03049075853282,186447,109.41083269761165
2004,2800308,491898,106.57893026299254,135820.9965195079,116.45260007502907,152594,117.13851444713974
2004,2408102,766081,107.54776314477965,211451.26281133827,119.01683663711944,224540,125.3454060300217
2004,3205309,309507,105.8853111828781,98617.72177124135,115.32348126767707,171172,114.79116929102176
2005,1100205,373917,111.73007909496475,99465.3830511411,118.77314559985325,105101,136.29478816801316
2005,1302603,1644690,116.9902584584962,377327.35402114457,115.44817570261156,358301,158.18819176787946
2005,1200401,305731,120.81411844668635,76117.59347827305,118.91515931615848,65148,121.20783642486373
2005,5002704,749768,112.98135532178759,213896.53461619993,115.2714417604104,196839,129.40229038747256
2005,1600303,355408,125.44933429341918,85243.19906136172,141.20359631824567,62839,153.14259254746182
2005,5300108,2333108,113.74655924054163,630991.0702775862,115.25687857261858,891709,109.76757869961753
2005,1400100,242179,120.74657971361333,62271.505788674374,127.82819622020808,31055,137.77117253005636
2005,5103403,533800,110.43848506039151,152961.70678893267,120.52580275224776,173166,144.6074706260595
2005,1721000,208165,151.55254632157548,50402.79329206508,143.6099760437219,81463,157.21288380261305
2005,3550308,10927985,104.71886185926449,3245001.4035223615,108.73153754444292,3684599,114.71215013267273
2005,2211001,788773,110.26238537239992,196034.5,115.48424153166421,188498,151.5476515894583
2005,3304557,6094183,104.03350754809229,1923842.5184157996,106.76963334148044,1883685,108.700180851027
2005,1501402,1405871,109.78101129614389,328331.7012491065,110.84984596266192,294983,112.77444957162355
2005,5208707,1201006,109.88090652667366,372160.74538015807,118.66122040096485,416506,127.94035884219484
2005,2927408,2673560,109.43278374627063,750548.2899874838,115.29017922782575,634026,109.56853541908247
2005,4205407,396778,115.91019966989468,121655.40941248044,117.15998094367175,208079,124.11734179555853
2005,2111300,978824,112.50488490025607,245191.22951043124,121.29532883015635,180928,104.89917554702627
2005,2704302,903463,113.25011688993794,228885.34920740343,114.61000521131022,178208,130.358579725835
2005,4314902,1428696,105.00562256080084,488008.8547211484,110.8191738038101,594322,107.63953410451317
2005,4106902,1757904,110.74701618771321,525755.9172215143,111.63399266642764,648706,114.09209945460717
2005,3106200,2375329,106.11129823821568,703550.9800829274,111.97085946056195,1072389,117.0426242963073
2005,2304400,2374944,110.90603258986403,602394.3593001694,114.52560201603627,496545,119.95637027767442
2005,2611606,1501008,105.48898204729058,414456.88326077466,110.26983221298916,487506,107.48245026104135
2005,2507507,660798,110.51353493863871,182056.11420463628,119.9876847567942,195267,114.58658529429024
2005,2800308,498619,108.0351610065564,141054.4883076441,120.93978351365328,163190,125.27251512267019
2005,2408102,778040,109.22665049409181,217082.306613228,122.18630940997271,238313,133.0339349213172
2005,3205309,313312,107.18703815206088,101029.99048760698,118.14438628482702,183087,122.78159285388557
2006,1100205,380974,113.83878013870752,103305.84153865706,123.35909622021524,111957,145.18563666307887
2006,1302603,1688524,120.10826306074327,391136.0950562168,119.6731383093765,381580,168.46575983541058
2006,1200401,314127,124.1319218047965,79288.26211358592,123.86855509074508,69791,129.84613667231017
2006,5002704,765247,115.31386137569486,220927.03068621847,119.06026152664029,205060,134.80678964460864
2006,1600303,368367,130.02350798424328,88796.65607012768,147.0898243637093,66300,161.57726707771792
2006,5300108,2383784,116.21717810433776,655386.0098772722,119.71286016042527,916929,112.87210981324804
2006,1400100,249655,124.47399385744487,64757.87146772786,132.93209785020602,34490,153.01007053813052
2006,5103403,542861,112.31312558705358,156754.83321539295,123.51458744278945,186519,155.75829443252135
2006,1721000,220889,160.81613337701577,53863.69409709074,153.47093511437083,89819,173.33886562325105
2006,3550308,11016703,105.56901383022988,3305858.90187705,110.77071366314382,3905101,121.57701073990697
2006,2211001,801971,112.10733057481548,201291.4,118.58108983799704,194864,156.6657554951681
2006,3304557,6136652,104.7584938230466,1960183.3801331208,108.7864826645045,1962014,113.22024469709473
2006,1501402,1428368,111.53774673711203,335674.1199755415,113.32875976148871,315601,120.65688212288153
2006,5208707,1220412,111.65637548524391,382840.44405744766,122.06637823744558,442332,135.87346834712037
2006,2927408,2714018,111.08878980740509,771635.1018586995,118.52928103167694,658145,113.73663500139115
2006,4205407,406564,118.7689701006383,126037.63198269524,121.38027098500075,226597,135.1631702326913
2006,2111300,998385,114.75320334517968,252514.02009406014,124.91789026340636,217733,126.23812892078989
2006,2704302,922458,115.63116179196975,236693.2505686339,118.51966399374783,187253,136.9749681798897
2006,4314902,1440939,105.90545278151392,495307.5861260389,112.47660148423215,635946,115.1781881801931
2006,4106902,1788559,112.67826486866186,536409.2175121611,113.89601275514924,716519,126.01880822609269
2006,3106200,2399920,107.20983361372618,717155.6923063771,114.13606335267184,1079244,117.79079234871288
2006,2304400,2416920,112.86624370389117,621708.1469015708,118.19748758088463,522794,126.29765810338746
2006,2611606,1515052,106.47597696262223,424626.3461343568,112.97550561366604,506071,111.57555206716523
2006,2507507,672081,112.4005325002425,188135.6595002383,123.9945293913743,209992,123.22751012264538
2006,2800308,505286,109.47969163701916,146452.34103116876,125.56788962820559,179102,137.48733380415757
2006,2408102,789896,110.8910779891537,222713.3504151177,125.35578218282592,250582,139.88288293317405
2006,3205309,317085,108.4778176145383,103442.25920397262,120.96529130197699,201984,135.4542772070066
2007,1100205,384696.34895659366,114.95105463636146,107536.1191175956,128.41053582059087,118895,154.18282261097352
2007,1302603,1703464.8380732655,121.17103629325388,406586.9052890857,124.40051318825154,414439,182.97285245670037
2007,1200401,309481.5911821029,122.29621992582874,82688.76017702601,129.18100324484612,75472,140.41563563973284
2007,5002704,759430.9324141195,114.43744734029204,228513.41721502837,123.14865741625486,215858,141.90541304547907
2007,1600303,365178.3719182234,128.89800920490185,92350.11307889364,152.97605240917298,70788,172.514805156825
2007,5300108,2465705.2151083588,120.21110223788843,682024.9082520455,124.57872343474843,944664,116.2862323523655
2007,1400100,256571.42613358886,127.92241341270237,67377.15876436076,138.30885510491794,41185,182.71150348254292
2007,5103403,544214.6374279174,112.5931811637869,160547.95964185323,126.50337213333115,205690,171.7676139257948
2007,1721000,205826.26098235443,149.8498496467944,57426.91269308879,163.62342277997774,96272,185.79230754385628
2007,3550308,11023223.969698813,105.63150188498823,3370120.2632183284,112.9239443568969,4206171,130.9501846023663
2007,2211001,799745.069290881,111.79616826365482,206548.3,121.6779381443299,194210,156.13995594217812
2007,3304557,6159700.573615158,105.15195492475054,2000506.9897636897,111.02436698925999,2174568,125.48591450951517
2007,1501402,1424846.8246591033,111.26278680844528,343578.4552171342,115.99738524186236,331791,126.84645351704522
2007,5208707,1243905.4777441153,113.80581073534893,393774.9986241907,125.55279534493842,450843,138.48783739367894
2007,2927408,2805934.6215612334,114.85107371724747,794228.6879117516,121.99983531872904,688087,118.91103019578094
2007,4205407,405821.73030974,118.55213189890598,130744.44374896558,125.91315595497325,236040,140.79583887573295
2007,2111300,995145.7180125767,114.38088406494695,259836.81067768906,128.5404516966564,235329,136.4400097403727
2007,2704302,923846.2242333088,115.80517728202486,245118.33516089042,122.73836559421277,192260,140.63757260105626
2007,4314902,1434813.0741124214,105.45521237936642,502755.73487408925,114.16795950497638,654270,118.49690568170087
2007,4106902,1802229.002262264,113.53946773402028,547515.1690620277,116.25414449130457,738441,129.87437146158595
2007,3106200,2412638.5596407596,107.77800032882172,731484.4304988334,116.41649671971173,1215157,132.62460190474528
2007,2304400,2442264.743604313,114.04980212049456,642549.8416591492,122.15985476161173,560475,135.40071218395025
2007,2611606,1530824.9738188388,107.58448201523214,435826.1452172579,115.9553088587569,538622,118.75220474107522
2007,2507507,683927.1460068993,114.3817120295717,194285.67786887032,128.0478206993194,220564,129.43137139839212
2007,2800308,522284.88755085075,113.16281954327326,152009.4866261243,130.33257307267672,187886,144.23035588172075
2007,2408102,794152.7193186728,111.48866576519623,228344.39421700742,128.52525495567917,265639,148.28818167101156
2007,3205309,318110.703038988,108.82872045507006,105854.52792033824,123.78619631912697,219264,147.04257088441213
2008,1100205,379185,113.30420933422178,112147.94681531657,133.91759029341392,130379,169.07525319984958
2008,1302603,1709008,121.5653330582892,423655.95400696056,129.62300902497591,440469,194.46497397385465
2008,1200401,301399,119.1022646892622,86310.56457498233,134.83918852520281,79661,148.209269009656
2008,5002704,747190,112.59288057490646,236579.50075475287,127.49556785429586,228090,149.9467504634682
2008,1600303,359022,126.7249777627176,95903.5700876596,158.86228045463665,80858,197.05602807496405
2008,5300108,2557159,124.66976997249341,710770.9297992175,129.82947399362837,1001083,123.23129741580405
2008,1400100,260930,130.09552869849628,70126.00183065402,143.9515587204229,46440,206.02457743667094
2008,5103403,544740,112.70187401985328,164341.08606831354,129.49215682387288,198429,165.70409773776817
2008,1721000,184014,133.9696407120236,61062.36139643552,173.98171181706562,103820,200.3589555551267
2008,3550308,10990252,105.31554362368773,3437801.567439626,115.19176842101189,4489076,139.7578298395505
2008,2211001,794605,111.07763923059719,211805.2,124.77478645066276,223795,179.92555192873567
2008,3304557,6161047,105.17493970539633,2044813.816694018,113.48331236581348,2161698,124.74323655245084
2008,1501402,1424120,111.20603085707326,351991.60978003754,118.8377959722607,357877,136.81934785850004
2008,5208707,1265391,115.77153668732223,404959.6951505904,129.11896871521503,486279,149.3729016086771
2008,2927408,2948724,120.69565516369116,818233.1456765037,125.6871107077799,719993,124.42483198164025
2008,4205407,402344,117.53618742970656,135722.6857465411,130.70744122667364,244253,145.6948230508151
2008,2111300,986825,113.42451047552493,267159.60126131796,132.1630131299064,277409,160.83732418047518
2008,2704302,924147,115.84287986722808,254143.33415179138,127.25746297183458,204112,149.30727254107353
2008,4314902,1430235,105.11873525455869,510360.92438286915,115.8949790248701,674264,122.1180821565506
2008,4106902,1828095,115.1690118218501,559071.1814508298,118.7078378497783,771798,135.74108174560882
2008,3106200,2434632,108.76049686266767,746531.1257730739,118.81119369206088,1265316,138.0990528661767
2008,2304400,2473614,115.5137615450065,664691.6557716889,126.36939715160315,614690,148.49808425416367
2008,2611606,1549983,108.93088435278533,447994.36779257597,119.1927695353754,577619,127.35003351206436
2008,2507507,693080,115.9124585656611,200501.30796958238,132.14435471767584,236734,138.92025115896956
2008,2800308,536784,116.30432427513466,157720.8570285531,135.22948850105726,184129,141.346301470814
2008,2408102,798071,112.038741178436,233975.43801889714,131.69472772853243,277870,155.11591686809535
2008,3205309,317815,108.72755761125403,108266.79663670386,126.60710133627693,219923,147.48450870463265
2009,1100205,382829,114.39307239266003,117133.05565917972,139.87038553111833,155800,202.04116037503405
2009,1302603,1738641,123.67319066604546,442319.4104970508,135.3333345052888,436647,192.77757910491252
2009,1200401,305954,120.90224018904682,90145.15221384399,140.82979567855648,84322,156.88105825224656
2009,5002704,755107,113.78588079641845,245049.08785751526,132.0599312658051,237113,155.87848587243778
2009,1600303,366484,129.35886032162875,99457.02709642556,164.74850850010031,86667,211.2129261813662
2009,5300108,2606885,127.09407326440927,741487.2389160986,135.44011743510518,1062241,130.7597238173669
2009,1400100,266901,133.07257389015197,73001.03481868852,149.85329943280001,67685,300.275054345415
2009,5103403,550562,113.90639417725606,168134.21249477382,132.48094151441455,204915,171.1204268929177
2009,1721000,188645,137.3411961705071,64739.952523507265,184.46007500215765,110148,212.57116390373815
2009,3550308,11037593,105.7691950186411,3508918.894434371,117.57472465079839,4621085,143.86764917860586
2009,2211001,802537,112.18645157682845,217062.1,127.87163475699559,231571,186.17726037529545
2009,3304557,6186710,105.61303155531398,2093104.3303106176,116.16334484423163,2231333,128.7616032610891
2009,1501402,1437600,112.25865092838279,360860.4864704041,121.83206552116141,357645,136.7306523326541
2009,5208707,1281975,117.28881882732682,416389.8197068502,132.7633953400472,509775,156.59029264591595
2009,2927408,2998056,122.71488723170947,843552.5726828192,129.5763758176273,758599,131.0964872109039
2009,4205407,408161,119.23549946686532,140919.1990106715,135.71193217318634,243316,145.1359105740037
2009,2111300,997098,114.60527707154253,274482.3918449469,135.78557456315642,277248,160.7439789422419
2009,2704302,936314,117.36802718615522,263750.9787089551,132.06830908574275,216112,158.0852340058227
2009,4314902,1436123,105.5514886924055,518130.7780699481,117.65939120274047,690518,125.06189542164049
2009,4106902,1851215,116.62555951402211,571074.6642582833,121.25654280545506,833585,146.6079591122461
2009,3106200,2452617,109.56392733432625,762289.7092418759,121.31918840009865,1285608,140.31376127163466
2009,2304400,2505552,117.00521434088509,687905.8014379754,130.78280834424456,660745,159.62414661132826
2009,2611606,1561659,109.75145916276912,461069.101143409,122.67141523063532,618666,136.39983420347116
2009,2507507,702235,117.4435640053919,206777.68846142443,136.28092748348993,253564,148.79643213426442
2009,2800308,544039,117.87625613714266,163581.38417449754,140.2542905673379,195162,149.81576442411028
2009,2408102,806203,113.18036772953614,239606.48182078687,134.86420050138568,289337,161.5171628418473
2009,3205309,320156,109.52843614866714,110679.0653530695,129.42800635342692,225746,151.38952225113334
2010,1100205,428527,128.04808447951808,119578,142.789931218953,184107,238.74962717051596
2010,1302603,1802014,128.1810454285176,460767,140.97761269378927,492429,217.4050674825499
2010,1200401,336038,132.79037694766834,94184,147.13950945164817,96778,180.05544289196078
2010,5002704,786797,118.56119682770738,249514,134.46612667669044,253488,166.64343847377626
2010,1600303,398204,140.55515551978766,94410,156.38821249316703,88053,214.59069529403166
2010,5300108,2570160,125.30361076198379,774037,141.3856593572192,1099832,135.38710007004275
2010,1400100,284313,141.75391887040806,76224,156.4692599815252,70034,310.6960649483164
2010,5103403,551098,114.01728782280189,165824,130.66061522945034,215143,179.66162556681059
2010,1721000,228332,166.23493866258966,68685,195.70048722113,112915,217.91111025339177
2010,3550308,11253503,107.83818115506367,3573509,119.73897070649669,4873339,151.7210407470146
2010,2211001,814230,113.82101319615299,222319,130.96848306332842,247035,198.60992748146836
2010,3304557,6320446,107.8960324375408,2145379,119.06449047458104,2348611,135.52926335810466
2010,1501402,1393399,108.8071034675554,368889,124.54261550667634,391168,149.5467735090932
2010,5208707,1302001,119.12101203377472,422921,134.84582298418852,558901,171.68058682770842
2010,2927408,2675656,109.51857614095495,858496,131.87180495477782,796556,137.6559861887094
2010,4205407,421240,123.0562493609687,147406,141.95903194429732,254222,151.64124618991096
2010,2111300,1014837,116.6441769690171,276830,136.94692892195664,324299,188.02340008580805
2010,2704302,932748,116.92102502134102,273924,137.1622568950668,231453,169.3071262417158
2010,4314902,1409351,103.58381290469576,508098,115.3811043111964,726098,131.50590157224332
2010,4106902,1751907,110.36920838018918,576190,122.34268436653333,848850,149.2927129116168
2010,3106200,2375151,106.10334657716729,762136,121.29472541673695,1356769,148.08041142148656
2010,2304400,2452185,114.51306200330438,709952,134.97417256188794,725525,175.27383327938
2010,2611606,1537704,108.06793145009681,470896,125.2859465168934,670595,147.84883413291942
2010,2507507,723515,121.00248522412174,213140,140.47413480613463,272668,160.0070418402676
2010,2800308,571149,123.75014625141377,169586,145.4026339255093,208667,160.18285380907054
2010,2408102,803739,112.83445432300508,235579,132.59730391467087,306064,170.85470896576362
2010,3205309,327801,112.14386392249165,108465,126.83888018336178,232723,156.06842994715524
2011,1100205,435732,130.2010093796409,128190.04089477181,153.07370187090635,191402,248.2097700776782
2011,1302603,1832424,130.3441726802932,484334.22394271474,148.1883091396368,513938,226.90118894672477
2011,1200401,342299,135.26450353474883,102600.51635044294,160.28826175666762,96959,180.39219334313196
2011,5002704,796252,119.98595583925163,262893.998960647,141.67677070939538,267145,175.62157329371394
2011,1600303,407023,143.66802208197439,106563.94111395745,176.5209645910276,96596,235.41052323739427
2011,5300108,2609998,127.24584208047598,827304.5291658632,151.11551042822157,1156908,142.41304050785303
2011,1400100,290741,144.95881695983408,79116.207168305,162.40625509248693,83023,368.3199503127634
2011,5103403,556299,115.09332858863009,176240.9614062595,138.86863449182073,227979,190.38071299134023
2011,1721000,235316,171.31957336827926,70684.48951269753,201.3975254657023,109193,210.72813941370595
2011,3550308,11316119,108.43820725815401,3772427.5229809606,126.4042118451637,5024883,156.43904074639195
2011,2211001,822364,114.958063073138,231159.5,136.1764359351988,254344,204.48617967229987
2011,3304557,6355949,108.50210245849028,2236071.767518921,124.09776811660602,2497662,144.13042048152306
2011,1501402,1402056,109.4831073219565,379753.0174581377,128.2104753483812,420023,160.57827953618357
2011,5208707,1318149,120.59840421882019,444875.15049453074,141.8457721268268,576241,177.00700666877594
2011,2927408,2693606,110.25329631489737,897752.724539595,137.90194967490336,822477,142.1354965031098
2011,4205407,427298,124.82596438952427,151754.40347959538,146.14675258298618,262179,156.38752855702757
2011,2111300,1027430,118.09160164960208,294326.779046504,145.60253039739194,337140,195.4684075650228
2011,2704302,943110,118.21991353278372,291887.66925833834,146.15722417646683,245222,179.37910552572674
2011,4314902,1413094,103.85891414753894,534194.9716492817,121.30731816772034,741196,134.2403480270438
2011,4106902,1764541,111.16514365453611,602764.9462649456,127.98535477551269,898099,157.95445152053972
2011,3106200,2385640,106.57191383973203,795918.2652142751,126.67120754475727,1370942,149.62728024814513
2011,2304400,2476589,115.65268921949266,736639.9362269273,140.04801151101964,767017,185.29755663891694
2011,2611606,1546516,108.6872278894234,489690.4493040119,130.28637202553415,699370,154.19297657683083
2011,2507507,733155,122.61470329501249,219255.85455402578,144.50490977599918,281584,165.23912915908693
2011,2800308,579563,125.573197207573,176732.09225465302,151.52967646499505,216226,165.98550680136336
2011,2408102,810780,113.82291872859977,250868.56942456632,141.2031460470922,308803,172.38370632532641
2011,3205309,330526,113.07611254036894,117517.59500695679,137.4249772048516,236030,158.2861664744226
2012,1100205,442701,132.28341515742795,132000,157.62323270920902,195243,253.1907719839716
2012,1302603,1861838,132.43645235749574,506000,154.81723305500907,535702,236.50989170121366
2012,1200401,348354,137.65722618045595,111000,173.41040462427745,99601,185.30763363039313
2012,5002704,805397,121.3640014405813,279000,150.35649038850175,265828,174.7557752738078
2012,1600303,415554,146.67923249608202,110000,182.21272507412743,99127,241.57872931542906
2012,5300108,2648532,129.12449918240827,880000,160.74086927931467,1181649,145.4586076879614
2012,1400100,296959,148.05901240477047,82000,168.3259776249615,84834,376.354199015128
2012,5103403,561329,116.1339909712711,179000,141.04261220373172,242460,202.47350708565418
2012,1721000,242070,176.23675876378726,73000,207.99498532638117,113827,219.67115039465816
2012,3550308,11376685,109.01858896506229,3974000,133.15838006497754,5237258,163.05088450046838
2012,2211001,830231,116.05778908521584,240000,141.38438880706923,272722,219.26162949622935
2012,3304557,6390290,109.08833603281994,2328000,129.1996117351874,2572044,148.42271821286408
2012,1501402,1410430,110.13701240186349,386000,130.31955299718092,409942,156.7242295531963
2012,5208707,1333767,122.02730632100251,459000,146.34939563119954,606571,186.32363376102376
2012,2927408,2710968,110.96394877506388,933000,143.31621116791192,840300,145.215559476512
2012,4205407,433158,126.53783795626833,155000,149.27241734641794,270709,161.47560051775457
2012,2111300,1039610,119.49155659358091,314000,155.33481082792463,348421,202.00895186632496
2012,2704302,953393,119.50889930417583,310000,155.22663088108638,259697,189.96752154258044
2012,4314902,1416714,104.1249751945847,555000,126.03181451750251,767128,138.9369744322555
2012,4106902,1776761,111.93499714927408,619000,131.4325511079403,967397,170.14233679985787
2012,3106200,2395785,107.02511384723698,826000,131.45874646286848,1411147,154.0153322608318
2012,2304400,2500194,116.75500443167608,758000,144.10892962046879,800045,193.27652933531107
2012,2611606,1555039,109.28621376690644,510000,135.68990334089827,736715,162.42658212219555
2012,2507507,742478,124.17390548120694,225000,148.290702502488,293220,172.06736693855996
2012,2800308,587701,127.33644758565998,184000,157.76116331709994,221813,170.2743574784291
2012,2408102,817590,114.77895375233219,256000,144.0914079869417,320671,179.00880331813082
2012,3205309,333162,113.97791340522197,120000,140.32789952522393,236864,158.8454625928807
2013,1100205,484992,144.92038211802392,147000,175.53496369889186,189785,246.11284737981921
2013,1302603,1982177,140.9964184986147,534000,163.38419456793446,557950,246.33227815967115
2013,1200401,357194,141.15048269375916,113000,176.53491641930947,101569,188.96909709948093
2013,5002704,832352,125.42580780294776,278000,149.81757823657165,273385,179.72375981172016
2013,1600303,437256,154.33944682112755,122000,202.0904769003959,101859,248.23678502668582
2013,5300108,2789761,136.00986960460153,906000,165.4900313262035,1302284,160.30853278283917
2013,1400100,308996,154.0604682701129,87000,178.58975674843478,81669,362.3131183177321
2013,5103403,569830,117.89277246527332,184000,144.98234997478568,245040,204.62801359510308
2013,1721000,257904,187.76455170907502,75000,213.69347807504914,115888,223.64860952969102
2013,3550308,11821873,113.28466186627897,4023000,134.8002423254667,5247904,163.3823250589423
2013,2211001,836475,116.93063632297024,246000,144.91899852724595,278682,224.05331961216254
2013,3304557,6429923,109.76490908693621,2389000,132.58499675058536,2614937,150.89790746013372
2013,1501402,1425922,111.34674460844565,408000,137.7470922871757,439501,168.024880624233
2013,5208707,1393575,127.49918344530273,488000,155.5958716078984,614240,188.67936119822943
2013,2927408,2883682,118.03338945040065,946000,145.3131144317735,796438,137.6355941429897
2013,4205407,453285,132.41751018798476,163000,156.9768001772008,277741,165.6701283053082
2013,2111300,1053922,121.13656112217078,311000,153.85072027861327,350252,203.07053653219543
2013,2704302,996733,124.94161770660061,316000,158.23101728523645,261525,191.30469767237722
2013,4314902,1467816,107.88084580953851,547000,124.21513971364664,771089,139.65436364986482
2013,4106902,1848946,116.48261372191403,656000,139.2887779108382,936159,164.6483086842508
2013,3106200,2479165,110.74988630911591,818000,130.1855382646809,1377682,150.36289697654976
2013,2304400,2551806,119.16520111590445,793000,150.76303586943502,806143,194.74969681449878
2013,2611606,1599513,112.41179137047097,519000,138.08443104691412,755952,166.66784252857346
2013,2507507,769607,128.71102830747205,235000,154.88140039148746,296124,173.7714922833167
2013,2800308,614577,133.15963720982634,188000,161.19075382399342,224587,172.40381367642092
2013,2408102,853928,119.88033417705881,269000,151.4085497987786,314373,175.4930583854815
2013,3205309,348268,119.14582078931524,127000,148.51369366419533,240100,161.01558518200596
2014,1100205,494013,147.61594568832342,143000,170.7585021016431,188800,244.83550114766638
2014,1302603,2020301,143.70825879281708,549000,167.97363823557308,550327,242.9667598221657
2014,1200401,363928,143.8115222141872,114000,178.0971723168255,104457,194.34222032037803
2014,5002704,843120,127.0484207100137,282000,151.9732268442921,281596,185.1216850520005
2014,1600303,446757,157.69304078952942,115000,190.49512166840597,106177,258.76002242097826
2014,5300108,2852372,139.062358310915,913000,166.76865187728896,1321828,162.71435974892935
2014,1400100,314900,157.00410833233616,90000,184.74802422251872,83797,371.75369327004125
2014,5103403,575480,119.06170734835915,192000,151.285930408472,248236,207.29692941068402
2014,1721000,265409,193.22849550435004,78000,222.2412171980511,130442,251.735916784067
2014,3550308,11895893,113.9939683079352,4075000,136.54262676516947,5308401,165.2657704342942
2014,2211001,840600,117.50726906732274,255000,150.22091310751105,288912,232.27798234471226
2014,3304557,6453682,110.17049784359729,2522000,139.96624604645302,2654076,153.15646787672586
2014,1501402,1432844,111.88726657681394,409000,138.08470770944817,423896,162.0589595861895
2014,5208707,1412364,129.2182026281625,499000,159.10315559906005,608119,186.79914113783877
2014,2927408,2902927,118.8211158987306,986000,151.4574321667322,849895,146.873709295835
2014,4205407,461524,134.82435768225173,173000,166.60727871567937,288502,172.08897266279743
2014,2111300,1064197,122.31755759584748,324000,160.28177932562926,354124,205.31546052250144
2014,2704302,1005319,126.01788259361537,310000,155.22663088108638,268701,196.55391862829723
2014,4314902,1472482,108.22378526962568,567000,128.75682672328637,780126,141.29108325590747
2014,4106902,1864416,117.45721548652914,661000,140.35043018150006,943667,165.9687889676229
2014,3106200,2491109,111.28345169991324,871000,138.62054257767366,1354683,147.85274131830374
2014,2304400,2571896,120.10337152949329,814000,154.75549961881475,838280,202.51341988413722
2014,2611606,1608488,113.04254324779237,524000,139.41472421692293,756936,166.8847890503739
2014,2507507,780738,130.57260500322778,247000,162.79023785828682,302603,177.57349920779296
2014,2800308,623766,135.1506064558624,195000,167.19253721105702,234200,179.78321613903645
2014,2408102,862044,121.01971453720746,264000,148.59426448653363,318710,177.91411042944785
2014,3205309,352104,120.4581531556188,143000,167.22408026755852,238021,159.62136859894312
2015,1100205,502748,150.22604964426688,151000,180.3114252961406,174539,226.3418619428631
2015,1302603,2057711,146.36931076548814,588000,179.90619177143347,517918,228.658340066136
2015,1200401,370550,146.42830328105302,116000,181.22168411185754,105252,195.82131760590894
2015,5002704,853622,128.63095049734713,298000,160.59582127517393,275176,180.9011662305902
2015,1600303,456171,161.01592612986573,125000,207.059914856963,98261,239.46823288572614
2015,5300108,2914830,142.107387772494,954000,174.25771510507522,1263872,155.58009308669423
2015,1400100,320714,159.90287583263532,88000,180.6425125731294,86403,383.314848498292
2015,5103403,580489,120.0980250172754,192000,151.285930408472,243802,203.59418450258454
2015,1721000,272726,198.55556768956356,82000,233.63820269538706,128919,248.7967269428952
2015,3550308,11967825,114.68326621338261,4180000,140.06090303764623,5126131,159.5911818007191
2015,2211001,844245,118.01680272869604,264000,155.52282768777616,289440,232.70248106639224
2015,3304557,6476631,110.56225912886248,2533000,140.5767253115248,2520718,145.46089312939216
2015,1501402,1439561,112.41178059899393,418000,141.12324650990058,416999,159.4221792337777
2015,5208707,1430697,130.89550204161546,511000,162.92928358941822,599401,184.12118680252007
2015,2927408,2921087,119.56443168473587,1030000,158.2161816751868,802284,138.64586447584665
2015,4205407,469690,137.20987978908315,174000,167.57032656952725,277290,165.40111066705637
2015,2111300,1073893,123.4320044872119,311000,153.85072027861327,332974,193.05302705272555
2015,2704302,1013773,127.07760113016589,322000,161.23540368938652,264942,193.80422219946453
2015,4314902,1476867,108.54607192467974,561000,127.39432062039444,750359,135.8998878909554
2015,4106902,1879355,118.39836453381969,657000,139.50110836497055,914006,160.75211799198354
2015,3106200,2502557,111.7948596531825,866000,137.8247874538064,1216511,132.7723801021132
2015,2304400,2591188,121.00427663745528,825000,156.84679015420414,823674,198.98487213060895
2015,2611606,1617183,113.65361707211655,558000,148.46071777298283,706364,155.7349724848314
2015,2507507,791438,132.36210016490116,260000,171.35814511398613,291292,170.93597793556717
2015,2800308,632744,137.09585859329974,215000,184.3404897455244,219064,168.1640924862591
2015,2408102,869954,122.13017518885552,275000,154.78569217347257,291889,162.941770823448
2015,3205309,355875,121.74824839892715,131000,153.19129031503613,223673,149.99932938115293
2016,1100205,511219,152.75726780234328,151000,180.3114252961406,164088,212.7890238999909
2016,1302603,2094391,148.9784363029801,606000,185.4135241725998,486929,214.97684357381578
2016,1200401,377057,148.9996404000648,123000,192.1574753944696,98399,183.07131295465962
2016,5002704,863982,130.19208252903388,296000,159.5179969713137,264741,174.04117964158462
2016,1600303,465495,164.30704392392732,125000,207.059914856963,107318,261.5407111349401
2016,5300108,2977216,145.14890700125687,981000,179.18953723069055,1250750,153.96480136294088
2016,1400100,326419,162.7472976746041,96000,197.06455917068664,84644,375.51129053724327
2016,5103403,585367,121.10723994819446,202000,159.16540595057992,234572,195.8863957110289
2016,1721000,279856,203.74649630519457,85000,242.185941818389,127901,246.8321207325781
2016,3550308,12038175,115.35740439455684,4332000,145.15402678446975,4952351,154.18091125294555
2016,2211001,847430,118.46203310221426,264000,155.52282768777616,276922,222.63832387322924
2016,3304557,6498837,110.94133669653856,2559000,142.0196763016944,2381304,137.41585002867996
2016,1501402,1446042,112.91786596117174,426000,143.8241698880805,408053,156.00204917249368
2016,5208707,1448639,132.53702858261659,499000,159.10315559906005,581541,178.63503580128216
2016,2927408,2938092,120.26047160439555,1027000,157.75535784506488,762743,131.81262820634677
2016,4205407,477798,139.57845843740415,182000,175.2747094003101,283013,168.81483116309866
2016,2111300,1082935,124.47128138404742,328000,162.2605667247111,331233,192.04362295481164
2016,2704302,1021709,128.07238777625824,339000,169.74783183447835,256236,187.43581115678901
2016,4314902,1481019,108.85123365598747,580000,131.70892327955218,720604,130.5108658838956
2016,4106902,1893997,119.32080273921686,690000,146.50801335133897,882611,155.23047727588505
2016,3106200,2513451,112.28151917824496,869000,138.30224052812676,1176985,128.45843547200616
2016,2304400,2609716,121.86950418464164,852000,161.9799578319781,773033,186.75091438814508
2016,2611606,1625583,114.24395866203297,558000,148.46071777298283,678580,149.6093198814731
2016,2507507,801718,134.08135346041536,252000,166.08558680278657,276226,162.094947479608
2016,2800308,641523,138.99799364727193,225000,192.91446601275808,218025,167.36650597230326
2016,2408102,877662,123.21227767974091,284000,159.85140573551345,299600,167.24629752647417
2016,3205309,359555,123.00721167004214,138000,161.37708445400753,212431,142.4602323023686
2017,1100205,519436,155.2125882609566,159000,189.86434849063812,163877,212.51539947868713
2017,1302603,2130264,151.5301582333631,627000,191.83874530729386,485033,214.13976856818672
2017,1200401,383443,151.52316258263883,125000,195.28198718950165,99316,184.77739120727827
2017,5002704,874210,131.73332368927444,301000,162.21255773096428,264839,174.10560500677124
2017,1600303,474706,167.55827579877732,132000,218.65527008895293,105653,257.4830014866083
2017,5300108,3039444,148.18272321911752,1005000,183.5733791201264,1246729,153.46982437610865
2017,1400100,332020,165.53986677834948,101000,207.32833829415992,88216,391.3579699214764
2017,5103403,590118,122.0901797056353,208000,163.89309127584468,237432,198.274724632356
2017,1721000,286787,208.7925448654945,88000,250.73368094139101,132783,256.25373912036594
2017,3550308,12106920,116.01616245091537,4244000,142.2053761942035,4867306,151.53321612844678
2017,2211001,850198,118.84897114739432,256000,150.8100147275405,278543,223.94156710778086
2017,3304557,6520266,111.30715013424597,2542000,141.07620834658348,2304692,132.99486761635578
2017,1501402,1452275,113.40458561283884,430000,145.17463157717046,398223,152.2439585730725
2017,5208707,1466105,134.13500553976323,516000,164.5235035854008,601892,184.886360494798
2017,2927408,2953986,120.91103664309422,1056000,162.20998820290995,766796,132.51304313263296
2017,4205407,485838,141.92717234126462,188000,181.05299652339727,277677,165.6319528533168
2017,2111300,1091868,125.49802994846142,323000,159.7870824758588,329753,191.18554250397153
2017,2704302,1029129,129.00249323417222,359000,179.7624531816452,251800,184.19089140198673
2017,4314902,1484941,109.13949095612934,589000,133.75268243389007,699742,126.73248318817114
2017,4106902,1908359,120.22560109367075,678000,143.96004790175044,863148,151.80739419713288
2017,3106200,2523794,112.74356429185993,912000,145.14573459338504,1177785,128.5457490302738
2017,2304400,2627482,122.69914756780838,860000,163.5008964031704,773125,186.77313993883143
2017,2611606,1633697,114.81420052638791,572000,152.18553864900747,662337,146.02815895301256
2017,2507507,811598,135.73370974053992,258000,170.04000553618624,268291,157.43853060266417
2017,2800308,650106,140.85766162406236,225000,192.91446601275808,216126,165.90874197807597
2017,2408102,885180,124.2677066530772,283000,159.28854867306447,295852,165.1540441114901
2017,3205309,363140,124.23367453062566,132000,154.36068947774632,214828,144.0677056788004
2018,1100205,519531,155.24097519579513,163000,194.6408100878869,158059,204.9706275206515
2018,1302603,2145444,152.60994355667628,670000,204.99515048785787,488463,215.65409729672456
2018,1200401,401155,158.52232088169163,131000,204.6555225745977,94585,175.9753669835718
2018,5002704,885711,133.46639120823482,306000,164.90711849061483,270871,178.07105197417727
2018,1600303,493634,174.23934375308852,132000,218.65527008895293,108958,265.53749421197574
2018,5300108,2974703,145.02639012532507,1015000,185.39997990739136,1193098,146.86795648732522
2018,1400100,375374,187.1554784412269,110000,225.80314071641178,86846,385.2801561598864
2018,5103403,607153,125.6145701009215,213000,167.83282904689864,244752,204.38751054288554
2018,1721000,291855,212.48225401332314,98000,279.22614468473085,132322,255.36406970685297
2018,3550308,12176866,116.68642924864689,4334000,145.22104157061213,4903449,152.65845153187743
2018,2211001,861442,120.42076716618206,261000,153.7555228276878,276138,222.0080075895226
2018,3304557,6688927,114.18635402696937,2577000,143.01864237181184,2266154,130.77098858688063
2018,1501402,1485732,116.01716051831387,450000,151.92694002262024,409277,156.46999453299128
2018,5208707,1495705,136.84313092230883,550000,175.36419955808222,591008,181.54306444230787
2018,2927408,2857329,116.95472199948671,1041000,159.90586905230043,770251,133.1101153187467
2018,4205407,492977,144.0126783810233,190000,182.97909223109298,279325,166.61497074209498
2018,2111300,1094667,125.81974373238563,335000,165.72344467310432,340335,197.3208177274783
2018,2704302,1012382,126.90323769459198,378000,189.27634346145373,248353,181.66942197123754
2018,4314902,1479101,108.7102653995693,581000,131.93600763003417,689598,124.89527131656588
2018,4106902,1917185,120.78163439518936,691000,146.72034380547132,883930,155.46245829530005
2018,3106200,2501576,111.7510361729102,915000,145.6231876677054,1179500,128.73292747080998
2018,2304400,2643247,123.43534749664005,908000,172.62652783032408,768412,185.63456363030213
2018,2611606,1637834,115.10494375942176,578000,153.78189045301804,655972,144.6248412586426
2018,2507507,800323,133.8480501192439,262000,172.676284691786,265079,155.55366469103927
2018,2800308,648939,140.60480917982207,220000,188.62747787914122,214373,164.56305462584825
2018,2408102,877640,123.2091891671826,282000,158.72569161061548,296216,165.3572405477372
2018,3205309,358267,122.56657452515189,139000,162.54648361671772,215628,144.60420075645806
2019,1100205,529544,158.23295812777707,164000,195.8349254871991,156685,203.18882678666372
2019,1302603,2182763,155.2645225079757,657000,201.01763264257107,488720,215.76756157755085
2019,1200401,407319,160.9581164866691,132000,206.2177784721137,92982,172.99298591601703
2019,5002704,895982,135.0141119705374,314000,169.21841570605577,271481,178.4720670023798
2019,1600303,503327,177.66070848687647,130000,215.34231145124153,107204,261.26288596982914
2019,5300108,3015268,147.00406504461407,1009000,184.3040194350324,1067615,131.42125237425233
2019,1400100,399213,199.04122292688763,106000,217.59211741763318,89105,395.30189432589503
2019,5103403,612547,126.73054085479139,199000,156.80156328794757,247101,206.34911356253497
2019,1721000,299127,217.77656437697934,100000,284.92463743339886,121027,233.56620414149796
2019,3550308,12252023,117.40663114320995,4467000,149.6775248490827,4981557,155.0901779212519
2019,2211001,864845,120.89647170655336,271000,159.64653902798233,277254,222.90524352398256
2019,3304557,6718903,114.69807289433219,2579000,143.1296386018249,2197860,126.83000580523718
2019,1501402,1492745,116.56478845303893,462000,155.97832508989012,396699,151.66132072225685
2019,5208707,1516113,138.71027358470712,544000,173.45113556290315,575872,176.89365898011656
2019,2927408,2872347,117.56943105643755,1112000,170.81203303185214,694020,119.93633534200745
2019,4205407,500973,146.3485386267035,200000,192.60957076957155,288294,171.96490244382542
2019,2111300,1101884,126.64925726528342,328000,162.2605667247111,344535,199.75591089878128
2019,2704302,1018948,127.72629327904794,394000,197.2880405391872,251076,183.66128772694688
2019,4314902,1483771,109.0534988497637,612000,138.97562249497574,679506,123.06747732916048
2019,4106902,1933105,121.78458592024897,717000,152.2409356129131,899181,158.14474982456326
2019,3106200,2512070,112.21982679674036,923000,146.89639586589297,1200871,131.0654000379814
2019,2304400,2669342,124.65394166999005,901000,171.29570658053083,759294,183.43181829162822
2019,2611606,1645727,115.65965401766105,592000,157.5067113290427,639967,141.09615316777197
2019,2507507,809015,135.30172226366122,273000,179.9260523696854,269392,158.08461944721554
2019,2800308,657013,142.35419275719664,230000,197.20145414637494,185122,142.10857616605767
2019,2408102,884122,124.11917727640925,304000,171.1085469844933,293617,163.90639566365408
2019,3205309,362097,123.87685423394821,140000,163.71588277942791,214335,143.73709058719385
2020,1100205,539354,161.16428266215664,170107.14285714287,203.12755881871283,156348,202.7518057915008
2020,1302603,2219580,157.8833931435766,698678.5714285714,213.76972969050976,499911,220.70833498894052
2020,1200401,413418,163.36822638198998,135464.2857142857,211.62987925993707,100046,186.13555601034437
2020,5002704,906092,136.53757189721242,317821.4285714286,171.27783000093154,271224,178.30311476918627
2020,1600303,512902,181.0404224377709,136785.7142857143,226.58270682919098,105623,257.40988960105284
2020,5300108,3055149,148.9483927521493,1051678.5714285714,192.09969065210953,1238408,152.44552606538227
2020,1400100,419652,209.2317817398588,112357.14285714286,230.64177944604918,90994,403.68217914023336
2020,5103403,618124,127.8843726854055,214499.99999999997,169.0147503782148,239706,200.1736966488238
2020,1721000,306296,222.99588657129337,102928.57142857143,293.26885895823415,123749,238.8193064052338
2020,3550308,12325232,118.10816607008393,4507107.142857143,151.02141064976004,4845415,150.85168642099302
2020,2211001,868075,121.34799261910088,272928.5714285714,160.78266358089627,264128,212.35226962100623
2020,3304557,6747815,115.19162826840454,2652714.2857142854,147.22064250802006,2074215,119.69493074686741
2020,1501402,1499641,117.10328014530529,467178.5714285714,157.7266906695155,398714,152.431671948893
2020,5208707,1536097,140.53862418081496,558821.4285714285,178.17685912242288,562566,172.8063843316019
2020,2927408,2886698,118.15683881221739,1120035.7142857143,172.04638257682151,728611,125.91414257496237
2020,4205407,508826,148.64262448329754,205071.42857142858,197.49359917122854,293937,175.33090362487846
2020,2111300,1108975,127.4642885056573,334178.5714285714,165.31708654650717,345073,200.0678347383434
2020,2704302,1025360,128.53004478796228,397892.85714285716,199.23731505140364,246524,180.33151434465202
2020,4314902,1488252,109.38284126739136,609035.7142857143,138.30247959890417,651683,118.02836594275739
2020,4106902,1948626,122.76240065771444,721750,153.24950527004185,863805,151.92294501574975
2020,3106200,2521564,112.64394516748968,944107.1428571428,150.25561928164683,1203945,131.4009023856247
2020,2304400,2686612,125.4604226576794,932142.8571428572,177.21650316124368,754360,182.23985234503718
2020,2611606,1653461,116.20318995294836,605642.857142857,161.13651126435244,636222,140.27047763510654
2020,2507507,817511,136.72261487053754,278071.4285714286,183.26847772767803,268526,157.57643330790447
2020,2800308,664908,144.0647926263287,241428.57142857142,207.00028416607057,208303,159.90342985230447
2020,2408102,890480,125.01175740576176,302142.8571428571,170.06324101137372,280871,156.79117100319866
2020,3205309,365855,125.16250205265752,143071.42857142858,167.3076087791807,209409,140.4336221465168
